"codigoEvento";"tipoEvento";"codigoTCE";"naturezaEvento"
"1";"VENCIMENTO";"N";"N"
"2";"VENCIMENTO";"N";"B"
"3";"VENCIMENTO";"2";"B"
"4";"VENCIMENTO";"4";"B"
"5";"VENCIMENTO";"40";"B"
"6";"VENCIMENTO";"N";"N"
"7";"VENCIMENTO";"99";"G"
"8";"VENCIMENTO";"N";"G"
"9";"VENCIMENTO";"N";"N"
"10";"VENCIMENTO";"N";"G"
"11";"VENCIMENTO";"N";"G"
"12";"VENCIMENTO";"20";"G"
"13";"VENCIMENTO";"20";"G"
"14";"VENCIMENTO";"N";"G"
"15";"VENCIMENTO";"N";"G"
"16";"VENCIMENTO";"N";"G"
"17";"VENCIMENTO";"N";"G"
"18";"VENCIMENTO";"N";"G"
"19";"VENCIMENTO";"N";"G"
"20";"VENCIMENTO";"N";"G"
"21";"VENCIMENTO";"25";"G"
"22";"VENCIMENTO";"19";"G"
"23";"VENCIMENTO";"N";"G"
"24";"VENCIMENTO";"19";"G"
"25";"VENCIMENTO";"N";"N"
"26";"VENCIMENTO";"N";"N"
"27";"VENCIMENTO";"N";"N"
"28";"VENCIMENTO";"99";"G"
"29";"VENCIMENTO";"N";"N"
"30";"VENCIMENTO";"21";"G"
"31";"VENCIMENTO";"N";"N"
"32";"VENCIMENTO";"N";"N"
"33";"VENCIMENTO";"N";"N"
"34";"VENCIMENTO";"N";"N"
"35";"VENCIMENTO";"N";"B"
"36";"INFORMATIVO_MAIS";"N";"N"
"37";"INFORMATIVO_MAIS";"N";"N"
"38";"VENCIMENTO";"98";"D"
"39";"VENCIMENTO";"N";"N"
"40";"DESCONTO";"71";"D"
"41";"INFORMATIVO_MENOS";"98";"D"
"42";"VENCIMENTO";"N";"D"
"43";"DESCONTO";"N";"D"
"44";"DESCONTO";"N";"D"
"45";"DESCONTO";"98";"D"
"46";"DESCONTO";"98";"D"
"47";"DESCONTO";"98";"D"
"48";"DESCONTO";"N";"N"
"49";"DESCONTO";"N";"D"
"50";"DESCONTO";"5";"D"
"51";"DESCONTO";"5";"D"
"52";"DESCONTO";"N";"N"
"53";"DESCONTO";"N";"N"
"54";"DESCONTO";"N";"N"
"55";"DESCONTO";"N";"N"
"56";"DESCONTO";"10";"D"
"57";"DESCONTO";"10";"D"
"58";"DESCONTO";"6";"D"
"59";"DESCONTO";"N";"N"
"60";"DESCONTO";"N";"N"
"61";"DESCONTO";"N";"N"
"62";"DESCONTO";"N";"N"
"63";"DESCONTO";"N";"N"
"64";"DESCONTO";"N";"N"
"65";"DESCONTO";"N";"N"
"66";"DESCONTO";"N";"N"
"67";"VENCIMENTO";"N";"N"
"68";"VENCIMENTO";"99";"G"
"69";"DESCONTO";"N";"N"
"70";"DESCONTO";"N";"N"
"71";"VENCIMENTO";"N";"N"
"72";"VENCIMENTO";"N";"N"
"73";"VENCIMENTO";"N";"N"
"74";"VENCIMENTO";"N";"N"
"75";"VENCIMENTO";"23";"G"
"76";"VENCIMENTO";"N";"N"
"77";"VENCIMENTO";"23";"G"
"78";"VENCIMENTO";"N";"N"
"79";"VENCIMENTO";"N";"N"
"80";"VENCIMENTO";"23";"G"
"81";"VENCIMENTO";"N";"N"
"82";"VENCIMENTO";"21";"G"
"83";"VENCIMENTO";"N";"N"
"84";"VENCIMENTO";"N";"N"
"85";"VENCIMENTO";"N";"N"
"86";"INFORMATIVO_MAIS";"N";"N"
"87";"VENCIMENTO";"N";"N"
"88";"DESCONTO";"5";"D"
"89";"DESCONTO";"N";"N"
"90";"DESCONTO";"N";"N"
"91";"DESCONTO";"10";"D"
"92";"DESCONTO";"6";"D"
"93";"VENCIMENTO";"N";"N"
"94";"VENCIMENTO";"N";"N"
"95";"DESCONTO";"N";"N"
"96";"VENCIMENTO";"98";"G"
"97";"VENCIMENTO";"23";"G"
"98";"VENCIMENTO";"N";"N"
"99";"VENCIMENTO";"23";"G"
"100";"VENCIMENTO";"100";"G"
"101";"VENCIMENTO";"N";"N"
"102";"VENCIMENTO";"23";"G"
"103";"VENCIMENTO";"N";"N"
"104";"VENCIMENTO";"23";"G"
"105";"VENCIMENTO";"23";"G"
"106";"VENCIMENTO";"23";"G"
"107";"VENCIMENTO";"23";"G"
"108";"VENCIMENTO";"N";"N"
"109";"VENCIMENTO";"N";"N"
"110";"VENCIMENTO";"N";"N"
"111";"VENCIMENTO";"N";"N"
"112";"VENCIMENTO";"N";"N"
"113";"INFORMATIVO_MAIS";"N";"N"
"114";"INFORMATIVO_MAIS";"N";"N"
"115";"INFORMATIVO_MAIS";"N";"N"
"116";"DESCONTO";"N";"N"
"117";"VENCIMENTO";"N";"N"
"118";"VENCIMENTO";"N";"N"
"119";"DESCONTO";"N";"N"
"120";"VENCIMENTO";"60";"G"
"121";"VENCIMENTO";"99";"G"
"122";"DESCONTO";"98";"D"
"123";"VENCIMENTO";"N";"N"
"124";"DESCONTO";"N";"N"
"125";"DESCONTO";"N";"N"
"126";"VENCIMENTO";"N";"B"
"127";"VENCIMENTO";"N";"B"
"128";"VENCIMENTO";"N";"B"
"129";"VENCIMENTO";"N";"B"
"130";"INFORMATIVO_MAIS";"5";"D"
"131";"INFORMATIVO_MAIS";"N";"N"
"132";"INFORMATIVO_MAIS";"5";"D"
"133";"INFORMATIVO_MAIS";"N";"N"
"134";"INFORMATIVO_MAIS";"N";"N"
"135";"INFORMATIVO_MENOS";"N";"N"
"136";"INFORMATIVO_MENOS";"N";"N"
"137";"INFORMATIVO_MENOS";"N";"N"
"138";"INFORMATIVO_MENOS";"98";"D"
"139";"DESCONTO";"N";"N"
"140";"VENCIMENTO";"N";"N"
"141";"DESCONTO";"N";"N"
"142";"INFORMATIVO_MAIS";"N";"N"
"143";"VENCIMENTO";"N";"N"
"144";"VENCIMENTO";"N";"N"
"145";"VENCIMENTO";"N";"N"
"146";"VENCIMENTO";"N";"N"
"147";"VENCIMENTO";"N";"N"
"148";"DESCONTO";"N";"N"
"149";"INFORMATIVO_MENOS";"N";"N"
"150";"DESCONTO";"98";"D"
"151";"VENCIMENTO";"4";"B"
"152";"VENCIMENTO";"N";"N"
"153";"DESCONTO";"N";"N"
"154";"INFORMATIVO_MENOS";"N";"N"
"155";"INFORMATIVO_MENOS";"N";"N"
"156";"INFORMATIVO_MENOS";"N";"N"
"157";"INFORMATIVO_MENOS";"N";"N"
"158";"INFORMATIVO_MENOS";"N";"N"
"159";"INFORMATIVO_MAIS";"N";"N"
"160";"INFORMATIVO_MENOS";"N";"N"
"161";"VENCIMENTO";"2";"B"
"162";"VENCIMENTO";"N";"N"
"163";"VENCIMENTO";"N";"N"
"164";"VENCIMENTO";"N";"N"
"165";"VENCIMENTO";"N";"N"
"166";"VENCIMENTO";"N";"N"
"167";"VENCIMENTO";"N";"N"
"168";"INFORMATIVO_MAIS";"N";"N"
"169";"INFORMATIVO_MENOS";"N";"N"
"170";"INFORMATIVO_MAIS";"N";"N"
"171";"INFORMATIVO_MENOS";"N";"N"
"172";"INFORMATIVO_MAIS";"N";"N"
"173";"INFORMATIVO_MENOS";"N";"N"
"174";"INFORMATIVO_MAIS";"N";"N"
"175";"INFORMATIVO_MENOS";"N";"N"
"176";"VENCIMENTO";"N";"N"
"177";"VENCIMENTO";"N";"N"
"178";"VENCIMENTO";"N";"N"
"179";"VENCIMENTO";"N";"N"
"180";"VENCIMENTO";"N";"N"
"181";"INFORMATIVO_MENOS";"N";"N"
"182";"VENCIMENTO";"N";"N"
"183";"VENCIMENTO";"N";"N"
"184";"DESCONTO";"N";"N"
"185";"INFORMATIVO_MAIS";"N";"N"
"186";"INFORMATIVO_MENOS";"N";"N"
"187";"INFORMATIVO_MAIS";"N";"N"
"188";"DESCONTO";"N";"N"
"189";"INFORMATIVO_MENOS";"N";"N"
"190";"INFORMATIVO_MENOS";"N";"N"
"191";"INFORMATIVO_MENOS";"N";"N"
"192";"INFORMATIVO_MENOS";"N";"N"
"193";"INFORMATIVO_MENOS";"N";"N"
"194";"INFORMATIVO_MENOS";"N";"N"
"195";"VENCIMENTO";"N";"N"
"196";"INFORMATIVO_MENOS";"N";"N"
"197";"INFORMATIVO_MENOS";"N";"N"
"198";"INFORMATIVO_MENOS";"N";"N"
"199";"VENCIMENTO";"N";"N"
"200";"DESCONTO";"N";"N"
"201";"VENCIMENTO";"N";"N"
"202";"DESCONTO";"N";"N"
"203";"INFORMATIVO_MAIS";"N";"N"
"204";"INFORMATIVO_MAIS";"N";"N"
"205";"DESCONTO";"N";"N"
"206";"VENCIMENTO";"N";"N"
"207";"VENCIMENTO";"N";"N"
"208";"VENCIMENTO";"N";"N"
"209";"VENCIMENTO";"N";"N"
"210";"INFORMATIVO_MAIS";"98";"D"
"211";"VENCIMENTO";"N";"N"
"212";"DESCONTO";"N";"N"
"213";"DESCONTO";"N";"N"
"214";"INFORMATIVO_MENOS";"N";"N"
"215";"INFORMATIVO_MENOS";"N";"N"
"216";"INFORMATIVO_MENOS";"N";"N"
"217";"VENCIMENTO";"601";"G"
"218";"VENCIMENTO";"N";"N"
"219";"VENCIMENTO";"N";"N"
"220";"VENCIMENTO";"N";"N"
"221";"VENCIMENTO";"N";"N"
"222";"VENCIMENTO";"N";"N"
"223";"VENCIMENTO";"N";"N"
"224";"VENCIMENTO";"N";"N"
"225";"DESCONTO";"N";"N"
"226";"INFORMATIVO_MENOS";"N";"N"
"227";"INFORMATIVO_MENOS";"N";"N"
"228";"INFORMATIVO_MENOS";"N";"N"
"229";"DESCONTO";"N";"N"
"230";"DESCONTO";"N";"N"
"231";"DESCONTO";"N";"N"
"232";"DESCONTO";"N";"N"
"233";"VENCIMENTO";"N";"N"
"234";"VENCIMENTO";"N";"N"
"235";"VENCIMENTO";"N";"N"
"236";"VENCIMENTO";"N";"N"
"237";"VENCIMENTO";"N";"N"
"238";"VENCIMENTO";"N";"N"
"239";"VENCIMENTO";"N";"N"
"240";"DESCONTO";"N";"N"
"241";"INFORMATIVO_MENOS";"N";"N"
"242";"INFORMATIVO_MENOS";"N";"N"
"243";"DESCONTO";"N";"N"
"244";"DESCONTO";"N";"N"
"245";"INFORMATIVO_MENOS";"N";"N"
"246";"INFORMATIVO_MENOS";"N";"N"
"247";"INFORMATIVO_MENOS";"N";"N"
"248";"INFORMATIVO_MENOS";"N";"N"
"249";"DESCONTO";"N";"N"
"250";"VENCIMENTO";"N";"N"
"251";"INFORMATIVO_MENOS";"N";"N"
"252";"VENCIMENTO";"N";"N"
"253";"VENCIMENTO";"N";"N"
"254";"DESCONTO";"N";"N"
"255";"VENCIMENTO";"N";"N"
"256";"VENCIMENTO";"N";"N"
"257";"VENCIMENTO";"N";"N"
"258";"INFORMATIVO_MAIS";"N";"N"
"259";"INFORMATIVO_MENOS";"N";"N"
"260";"VENCIMENTO";"N";"N"
"261";"VENCIMENTO";"N";"N"
"262";"INFORMATIVO_MENOS";"N";"N"
"263";"VENCIMENTO";"N";"N"
"264";"VENCIMENTO";"N";"N"
"265";"VENCIMENTO";"N";"N"
"266";"INFORMATIVO_MENOS";"N";"N"
"267";"INFORMATIVO_MENOS";"N";"N"
"268";"VENCIMENTO";"99";"G"
"269";"VENCIMENTO";"99";"G"
"270";"VENCIMENTO";"N";"N"
"271";"VENCIMENTO";"N";"N"
"272";"VENCIMENTO";"99";"G"
"273";"VENCIMENTO";"99";"G"
"274";"INFORMATIVO_MAIS";"N";"N"
"275";"INFORMATIVO_MAIS";"13";"G"
"276";"INFORMATIVO_MAIS";"13";"G"
"277";"VENCIMENTO";"N";"N"
"278";"VENCIMENTO";"99";"G"
"279";"VENCIMENTO";"N";"N"
"280";"VENCIMENTO";"N";"N"
"900";"VENCIMENTO";"N";"N"
"901";"DESCONTO";"N";"N"
"902";"DESCONTO";"5";"D"
"903";"DESCONTO";"6";"D"
"904";"DESCONTO";"N";"N"
"905";"DESCONTO";"N";"N"
"906";"DESCONTO";"N";"N"
"907";"DESCONTO";"10";"D"
"908";"DESCONTO";"N";"N"
"909";"INFORMATIVO_MAIS";"5";"D"
"912";"INFORMATIVO_MAIS";"10";"D"
"917";"VENCIMENTO";"N";"N"
"950";"INFORMATIVO_MAIS";"N";"N"
"951";"INFORMATIVO_MENOS";"N";"N"
"952";"INFORMATIVO_MAIS";"N";"N"
"953";"INFORMATIVO_MENOS";"N";"N"
"954";"INFORMATIVO_MAIS";"N";"N"
"955";"INFORMATIVO_MAIS";"N";"N"
"999";"DESCONTO";"98";"D"
"1000";"VENCIMENTO";"N";"N"
"1001";"VENCIMENTO";"N";"N"
"1002";"VENCIMENTO";"N";"N"
"1003";"VENCIMENTO";"N";"N"
"1004";"VENCIMENTO";"N";"N"
"1005";"VENCIMENTO";"N";"N"
"1006";"VENCIMENTO";"N";"N"
"1007";"VENCIMENTO";"N";"N"
"1008";"VENCIMENTO";"23";"G"
"1009";"VENCIMENTO";"18";"G"
"1010";"DESCONTO";"N";"N"
"1011";"VENCIMENTO";"N";"N"
"1012";"VENCIMENTO";"N";"N"
"1013";"VENCIMENTO";"2";"B"
"1014";"VENCIMENTO";"N";"N"
"1015";"VENCIMENTO";"N";"N"
"1016";"INFORMATIVO_MAIS";"N";"N"
"1017";"INFORMATIVO_MAIS";"N";"N"
"1018";"VENCIMENTO";"N";"N"
"1019";"VENCIMENTO";"N";"N"
"1020";"VENCIMENTO";"N";"N"
"1021";"VENCIMENTO";"N";"N"
"1022";"VENCIMENTO";"N";"N"
"1023";"VENCIMENTO";"N";"N"
"1024";"DESCONTO";"N";"N"
"1025";"VENCIMENTO";"N";"N"
"1026";"DESCONTO";"98";"D"
"1027";"VENCIMENTO";"N";"N"
"1028";"VENCIMENTO";"N";"N"
"1029";"VENCIMENTO";"N";"N"
"1030";"VENCIMENTO";"N";"N"
"1031";"VENCIMENTO";"N";"N"
"1032";"VENCIMENTO";"N";"N"
"1033";"VENCIMENTO";"N";"N"
"1034";"VENCIMENTO";"21";"G"
"1035";"VENCIMENTO";"99";"G"
"1036";"VENCIMENTO";"N";"N"
"1037";"VENCIMENTO";"N";"N"
"1038";"INFORMATIVO_MAIS";"N";"N"
"1039";"VENCIMENTO";"N";"N"
"1040";"VENCIMENTO";"N";"N"
"1041";"VENCIMENTO";"N";"N"
"1042";"VENCIMENTO";"N";"N"
"1043";"VENCIMENTO";"N";"N"
"1044";"VENCIMENTO";"N";"N"
"1045";"VENCIMENTO";"N";"N"
"1046";"VENCIMENTO";"N";"N"
"1047";"VENCIMENTO";"N";"N"
"1048";"VENCIMENTO";"N";"N"
"1049";"VENCIMENTO";"N";"N"
"1050";"VENCIMENTO";"N";"N"
"1051";"VENCIMENTO";"60";"G"
"1052";"VENCIMENTO";"N";"N"
"1053";"VENCIMENTO";"N";"N"
"1054";"VENCIMENTO";"N";"N"
"1055";"VENCIMENTO";"N";"N"
"1056";"VENCIMENTO";"N";"N"
"1057";"VENCIMENTO";"N";"N"
"1058";"VENCIMENTO";"N";"N"
"1059";"VENCIMENTO";"N";"N"
"1060";"VENCIMENTO";"N";"N"
"1061";"VENCIMENTO";"N";"N"
"1062";"VENCIMENTO";"N";"N"
"1063";"VENCIMENTO";"N";"N"
"1064";"VENCIMENTO";"N";"N"
"1065";"INFORMATIVO_MENOS";"N";"N"
"1066";"DESCONTO";"N";"N"
"1067";"DESCONTO";"98";"D"
"1068";"DESCONTO";"98";"D"
"1069";"DESCONTO";"N";"N"
"1070";"DESCONTO";"515";"D"
"1071";"DESCONTO";"9";"D"
"1072";"DESCONTO";"9";"D"
"1073";"DESCONTO";"N";"N"
"1074";"DESCONTO";"N";"N"
"1075";"DESCONTO";"N";"N"
"1076";"DESCONTO";"N";"N"
"1077";"DESCONTO";"N";"N"
"1078";"DESCONTO";"N";"N"
"1079";"DESCONTO";"N";"N"
"1080";"DESCONTO";"N";"N"
"1081";"DESCONTO";"N";"N"
"1082";"DESCONTO";"N";"N"
"1083";"DESCONTO";"N";"N"
"1084";"DESCONTO";"N";"N"
"1085";"INFORMATIVO_MENOS";"N";"N"
"1086";"DESCONTO";"N";"N"
"1087";"VENCIMENTO";"N";"N"
"1088";"VENCIMENTO";"N";"N"
"1089";"DESCONTO";"N";"N"
"1090";"DESCONTO";"N";"N"
"1091";"DESCONTO";"N";"N"
"1092";"DESCONTO";"N";"N"
"1093";"DESCONTO";"N";"N"
"1094";"DESCONTO";"N";"N"
"1095";"DESCONTO";"N";"N"
"1096";"VENCIMENTO";"N";"N"
"1097";"DESCONTO";"N";"N"
"1098";"VENCIMENTO";"N";"N"
"1099";"VENCIMENTO";"N";"N"
"1100";"VENCIMENTO";"N";"N"
"1101";"VENCIMENTO";"N";"N"
"1102";"VENCIMENTO";"99";"G"
"1103";"VENCIMENTO";"N";"N"
"1104";"DESCONTO";"N";"N"
"1105";"DESCONTO";"N";"N"
"1106";"DESCONTO";"N";"N"
"1107";"DESCONTO";"N";"N"
"1108";"VENCIMENTO";"N";"N"
"1109";"VENCIMENTO";"N";"N"
"1110";"DESCONTO";"N";"N"
"1111";"VENCIMENTO";"99";"G"
"1112";"DESCONTO";"98";"D"
"1113";"VENCIMENTO";"N";"N"
"1114";"VENCIMENTO";"N";"N"
"1115";"DESCONTO";"N";"N"
"1116";"DESCONTO";"98";"D"
"1117";"DESCONTO";"N";"N"
"1118";"DESCONTO";"N";"N"
"1119";"DESCONTO";"N";"N"
"1120";"VENCIMENTO";"99";"G"
"1121";"DESCONTO";"98";"D"
"1122";"DESCONTO";"N";"N"
"1123";"DESCONTO";"N";"N"
"1124";"DESCONTO";"N";"N"
"1125";"DESCONTO";"N";"N"
"1126";"DESCONTO";"N";"N"
"1127";"DESCONTO";"N";"N"
"1128";"VENCIMENTO";"N";"N"
"1129";"VENCIMENTO";"N";"N"
"1130";"VENCIMENTO";"N";"N"
"1131";"VENCIMENTO";"N";"N"
"1132";"VENCIMENTO";"N";"N"
"1133";"VENCIMENTO";"N";"N"
"1134";"VENCIMENTO";"N";"N"
"1135";"VENCIMENTO";"N";"N"
"1136";"VENCIMENTO";"N";"N"
"1137";"VENCIMENTO";"N";"N"
"1138";"VENCIMENTO";"N";"N"
"1139";"VENCIMENTO";"99";"G"
"1140";"INFORMATIVO_MAIS";"N";"N"
"1141";"INFORMATIVO_MAIS";"N";"N"
"1142";"INFORMATIVO_MAIS";"N";"N"
"1143";"VENCIMENTO";"N";"N"
"1144";"DESCONTO";"N";"N"
"1145";"DESCONTO";"N";"N"
"1146";"DESCONTO";"N";"N"
"1147";"DESCONTO";"N";"N"
"1148";"DESCONTO";"N";"N"
"1149";"DESCONTO";"N";"N"
"1150";"DESCONTO";"N";"N"
"1151";"DESCONTO";"N";"N"
"1152";"DESCONTO";"N";"N"
"1153";"DESCONTO";"N";"N"
"1154";"DESCONTO";"N";"N"
"1155";"DESCONTO";"N";"N"
"1156";"DESCONTO";"N";"N"
"1157";"DESCONTO";"N";"N"
"1158";"DESCONTO";"N";"N"
"1159";"DESCONTO";"N";"N"
"1160";"VENCIMENTO";"21";"G"
"1161";"VENCIMENTO";"N";"N"
"1162";"VENCIMENTO";"N";"N"
"1163";"DESCONTO";"N";"N"
"1164";"VENCIMENTO";"N";"N"
"1165";"VENCIMENTO";"N";"N"
"1166";"VENCIMENTO";"N";"N"
"1167";"VENCIMENTO";"N";"N"
"1168";"DESCONTO";"98";"D"
"1169";"VENCIMENTO";"N";"N"
"1170";"VENCIMENTO";"20";"G"
"1171";"VENCIMENTO";"N";"N"
"1172";"VENCIMENTO";"N";"N"
"1173";"VENCIMENTO";"N";"N"
"1174";"VENCIMENTO";"N";"N"
"1175";"VENCIMENTO";"N";"N"
"1176";"VENCIMENTO";"N";"N"
"1177";"VENCIMENTO";"N";"N"
"1178";"VENCIMENTO";"N";"N"
"1179";"VENCIMENTO";"N";"N"
"1180";"VENCIMENTO";"N";"N"
"1181";"VENCIMENTO";"N";"N"
"1182";"VENCIMENTO";"N";"N"
"1183";"DESCONTO";"N";"N"
"1184";"DESCONTO";"N";"N"
"1185";"DESCONTO";"N";"N"
"1186";"VENCIMENTO";"N";"N"
"1187";"DESCONTO";"N";"N"
"1188";"DESCONTO";"N";"N"
"1189";"VENCIMENTO";"N";"N"
"1190";"VENCIMENTO";"N";"N"
"1191";"DESCONTO";"N";"N"
"1192";"DESCONTO";"N";"N"
"1193";"VENCIMENTO";"N";"N"
"1194";"VENCIMENTO";"N";"N"
"1195";"VENCIMENTO";"N";"N"
"1196";"VENCIMENTO";"N";"N"
"1197";"VENCIMENTO";"N";"N"
"1198";"VENCIMENTO";"N";"N"
"1199";"VENCIMENTO";"N";"N"
"1200";"VENCIMENTO";"N";"N"
"1201";"VENCIMENTO";"N";"N"
"1202";"VENCIMENTO";"24";"G"
"1203";"DESCONTO";"N";"N"
"1204";"DESCONTO";"N";"N"
"1205";"VENCIMENTO";"N";"N"
"1206";"VENCIMENTO";"N";"N"
"1207";"VENCIMENTO";"30";"G"
"1208";"VENCIMENTO";"N";"N"
"1209";"VENCIMENTO";"N";"N"
"1210";"DESCONTO";"N";"N"
"1211";"DESCONTO";"N";"N"
"1212";"VENCIMENTO";"N";"N"
"1213";"VENCIMENTO";"N";"N"
"1214";"DESCONTO";"N";"N"
"1215";"VENCIMENTO";"N";"N"
"1216";"VENCIMENTO";"99";"G"
"1217";"VENCIMENTO";"N";"N"
"1218";"VENCIMENTO";"N";"N"
"1219";"VENCIMENTO";"N";"N"
"1220";"VENCIMENTO";"N";"N"
"1221";"DESCONTO";"509";"D"
"1222";"VENCIMENTO";"N";"N"
"1223";"VENCIMENTO";"N";"N"
"1224";"VENCIMENTO";"N";"N"
"1225";"VENCIMENTO";"N";"N"
"1226";"VENCIMENTO";"N";"N"
"1227";"VENCIMENTO";"N";"N"
"1228";"VENCIMENTO";"N";"N"
"1229";"DESCONTO";"N";"N"
"1230";"INFORMATIVO_MAIS";"N";"N"
"1231";"VENCIMENTO";"N";"N"
"1232";"VENCIMENTO";"N";"N"
"1233";"DESCONTO";"514";"D"
"1234";"DESCONTO";"505";"D"
"1235";"VENCIMENTO";"N";"N"
"1236";"VENCIMENTO";"N";"N"
"1237";"VENCIMENTO";"N";"N"
"1238";"VENCIMENTO";"N";"N"
"1239";"DESCONTO";"N";"N"
"1240";"DESCONTO";"N";"N"
"1241";"VENCIMENTO";"N";"N"
"1242";"VENCIMENTO";"99";"G"
"1243";"VENCIMENTO";"N";"N"
"1244";"VENCIMENTO";"N";"N"
"1245";"VENCIMENTO";"N";"N"
"1246";"VENCIMENTO";"N";"N"
"1247";"VENCIMENTO";"N";"N"
"1248";"VENCIMENTO";"N";"N"
"1249";"VENCIMENTO";"N";"N"
"1250";"DESCONTO";"N";"N"
"1251";"DESCONTO";"N";"N"
"1252";"VENCIMENTO";"N";"N"
"1253";"VENCIMENTO";"N";"N"
"1254";"VENCIMENTO";"N";"N"
"1255";"VENCIMENTO";"N";"N"
"1256";"VENCIMENTO";"N";"N"
"1257";"VENCIMENTO";"N";"N"
"1258";"VENCIMENTO";"N";"N"
"1259";"VENCIMENTO";"N";"N"
"1260";"VENCIMENTO";"N";"N"
"1261";"VENCIMENTO";"N";"N"
"1262";"VENCIMENTO";"N";"N"
"1263";"DESCONTO";"N";"N"
"1264";"VENCIMENTO";"N";"N"
"1265";"VENCIMENTO";"N";"N"
"1266";"DESCONTO";"505";"D"
"1267";"DESCONTO";"N";"N"
"1268";"DESCONTO";"N";"N"
"1269";"DESCONTO";"N";"N"
"1270";"VENCIMENTO";"N";"N"
"1271";"VENCIMENTO";"N";"N"
"1272";"VENCIMENTO";"99";"G"
"1273";"VENCIMENTO";"99";"G"
"1274";"DESCONTO";"N";"N"
"1275";"VENCIMENTO";"N";"N"
"1276";"VENCIMENTO";"N";"N"
"1277";"VENCIMENTO";"N";"N"
"1278";"VENCIMENTO";"N";"N"
"1279";"VENCIMENTO";"N";"N"
"1280";"VENCIMENTO";"N";"N"
"1281";"VENCIMENTO";"N";"N"
"1282";"VENCIMENTO";"N";"N"
"1283";"VENCIMENTO";"N";"N"
"1284";"VENCIMENTO";"N";"N"
"1285";"VENCIMENTO";"N";"N"
"1286";"VENCIMENTO";"N";"N"
"1287";"VENCIMENTO";"23";"G"
"1288";"VENCIMENTO";"21";"G"
"1289";"VENCIMENTO";"N";"N"
"1290";"VENCIMENTO";"N";"N"
"1291";"VENCIMENTO";"N";"N"
"1292";"VENCIMENTO";"99";"G"
"1293";"VENCIMENTO";"N";"N"
"1294";"VENCIMENTO";"N";"N"
"1295";"VENCIMENTO";"N";"N"
"1296";"VENCIMENTO";"N";"N"
"1297";"DESCONTO";"N";"N"
"1298";"DESCONTO";"N";"N"
"1299";"VENCIMENTO";"N";"N"
"1300";"VENCIMENTO";"N";"N"
"1301";"VENCIMENTO";"99";"G"
"1302";"VENCIMENTO";"23";"G"
"1303";"VENCIMENTO";"23";"G"
"1304";"VENCIMENTO";"N";"N"
"1305";"VENCIMENTO";"N";"N"
"1306";"VENCIMENTO";"N";"N"
"1307";"DESCONTO";"N";"N"
"1308";"INFORMATIVO_MENOS";"N";"N"
"1309";"VENCIMENTO";"99";"G"
"1310";"VENCIMENTO";"N";"N"
"1311";"VENCIMENTO";"N";"N"
"1312";"VENCIMENTO";"N";"N"
"1313";"VENCIMENTO";"N";"N"
"1314";"VENCIMENTO";"N";"N"
"1315";"VENCIMENTO";"N";"N"
"1316";"VENCIMENTO";"N";"N"
"1317";"VENCIMENTO";"N";"N"
"1318";"VENCIMENTO";"99";"G"
"1319";"VENCIMENTO";"N";"N"
"1320";"DESCONTO";"N";"N"
"1321";"DESCONTO";"N";"N"
"1322";"DESCONTO";"98";"D"
"1323";"VENCIMENTO";"N";"N"
"1324";"VENCIMENTO";"N";"N"
"1325";"VENCIMENTO";"30";"G"
"1326";"VENCIMENTO";"99";"G"
"1327";"VENCIMENTO";"N";"N"
"1328";"VENCIMENTO";"N";"N"
"1329";"VENCIMENTO";"N";"N"
"1330";"VENCIMENTO";"53";"G"
"1331";"VENCIMENTO";"N";"N"
"1332";"VENCIMENTO";"N";"N"
"1333";"VENCIMENTO";"N";"N"
"1334";"VENCIMENTO";"N";"N"
"1335";"DESCONTO";"98";"D"
"1336";"VENCIMENTO";"27";"G"
"1337";"VENCIMENTO";"30";"G"
"1338";"VENCIMENTO";"N";"N"
"1339";"VENCIMENTO";"N";"N"
"1340";"VENCIMENTO";"N";"N"
"1341";"VENCIMENTO";"N";"N"
"1342";"VENCIMENTO";"N";"N"
"1343";"VENCIMENTO";"N";"N"
"1344";"VENCIMENTO";"N";"N"
"1345";"VENCIMENTO";"N";"N"
"1346";"VENCIMENTO";"N";"N"
"1347";"VENCIMENTO";"N";"N"
"1348";"VENCIMENTO";"N";"N"
"1349";"VENCIMENTO";"N";"N"
"1350";"VENCIMENTO";"N";"N"
"1351";"VENCIMENTO";"N";"N"
"1352";"VENCIMENTO";"N";"N"
"1353";"VENCIMENTO";"N";"N"
"1354";"VENCIMENTO";"N";"N"
"1355";"VENCIMENTO";"23";"G"
"1356";"VENCIMENTO";"N";"N"
"1357";"VENCIMENTO";"23";"G"
"1358";"VENCIMENTO";"99";"G"
"1359";"DESCONTO";"N";"N"
"1360";"VENCIMENTO";"N";"N"
"1361";"DESCONTO";"N";"N"
"1362";"VENCIMENTO";"N";"N"
"1363";"VENCIMENTO";"N";"N"
"1364";"VENCIMENTO";"N";"N"
"1365";"VENCIMENTO";"N";"N"
"1366";"VENCIMENTO";"N";"N"
"1367";"VENCIMENTO";"N";"N"
"1368";"VENCIMENTO";"N";"N"
"1369";"VENCIMENTO";"N";"N"
"1370";"VENCIMENTO";"N";"N"
"1371";"VENCIMENTO";"N";"N"
"1372";"VENCIMENTO";"N";"N"
"1373";"VENCIMENTO";"N";"N"
"1374";"VENCIMENTO";"N";"N"
"1375";"VENCIMENTO";"N";"N"
"1376";"VENCIMENTO";"N";"N"
"1377";"DESCONTO";"N";"N"
"1378";"VENCIMENTO";"23";"G"
"1379";"VENCIMENTO";"N";"N"
"1380";"DESCONTO";"N";"N"
"1381";"VENCIMENTO";"N";"N"
"1382";"VENCIMENTO";"N";"N"
"1383";"VENCIMENTO";"N";"N"
"1384";"VENCIMENTO";"N";"N"
"1385";"VENCIMENTO";"N";"N"
"1386";"VENCIMENTO";"N";"N"
"1387";"VENCIMENTO";"N";"N"
"1388";"VENCIMENTO";"N";"N"
"1389";"VENCIMENTO";"N";"N"
"1390";"VENCIMENTO";"N";"N"
"1391";"VENCIMENTO";"N";"N"
"1392";"VENCIMENTO";"99";"G"
"1393";"VENCIMENTO";"N";"N"
"1394";"VENCIMENTO";"N";"N"
"1395";"DESCONTO";"N";"N"
"1396";"VENCIMENTO";"N";"N"
"1397";"VENCIMENTO";"N";"N"
"1398";"VENCIMENTO";"N";"N"
"1399";"VENCIMENTO";"18";"G"
"1400";"VENCIMENTO";"N";"N"
"1401";"VENCIMENTO";"N";"N"
"1402";"VENCIMENTO";"23";"G"
"1403";"VENCIMENTO";"N";"N"
"1404";"VENCIMENTO";"N";"N"
"1405";"VENCIMENTO";"N";"N"
"1406";"VENCIMENTO";"N";"N"
"1407";"VENCIMENTO";"N";"N"
"1408";"DESCONTO";"98";"D"
"1409";"DESCONTO";"N";"N"
"1410";"DESCONTO";"N";"N"
"1411";"DESCONTO";"N";"N"
"1412";"DESCONTO";"N";"N"
"1413";"DESCONTO";"N";"N"
"1414";"DESCONTO";"N";"N"
"1415";"DESCONTO";"N";"N"
"1416";"DESCONTO";"N";"N"
"1417";"DESCONTO";"N";"N"
"1418";"DESCONTO";"N";"N"
"1419";"DESCONTO";"N";"N"
"1420";"DESCONTO";"N";"N"
"1421";"DESCONTO";"N";"N"
"1422";"DESCONTO";"505";"D"
"1423";"DESCONTO";"505";"D"
"1424";"DESCONTO";"505";"D"
"1425";"DESCONTO";"505";"D"
"1426";"DESCONTO";"505";"D"
"1427";"VENCIMENTO";"N";"N"
"1428";"VENCIMENTO";"N";"N"
"1429";"VENCIMENTO";"N";"N"
"1430";"VENCIMENTO";"23";"G"
"1431";"DESCONTO";"507";"D"
"1432";"VENCIMENTO";"25";"G"
"1433";"DESCONTO";"515";"D"
"1434";"DESCONTO";"514";"D"
"1435";"DESCONTO";"98";"D"
"1436";"VENCIMENTO";"99";"G"
"1437";"VENCIMENTO";"N";"N"
"1438";"DESCONTO";"507";"D"
"1439";"VENCIMENTO";"N";"N"
"1440";"VENCIMENTO";"N";"N"
"1441";"VENCIMENTO";"N";"N"
"1442";"DESCONTO";"N";"N"
"1443";"VENCIMENTO";"N";"N"
"1444";"VENCIMENTO";"N";"N"
"1445";"VENCIMENTO";"N";"N"
"1446";"VENCIMENTO";"N";"N"
"1447";"VENCIMENTO";"99";"G"
"1448";"VENCIMENTO";"N";"N"
"1449";"VENCIMENTO";"N";"N"
"1450";"VENCIMENTO";"N";"N"
"1451";"VENCIMENTO";"N";"N"
"1452";"DESCONTO";"N";"N"
"1453";"VENCIMENTO";"N";"N"
"1454";"VENCIMENTO";"N";"N"
"1455";"DESCONTO";"505";"D"
"1456";"DESCONTO";"N";"N"
"1457";"VENCIMENTO";"N";"N"
"1458";"VENCIMENTO";"N";"N"
"1459";"VENCIMENTO";"N";"N"
"1460";"VENCIMENTO";"N";"N"
"1461";"VENCIMENTO";"N";"N"
"1462";"VENCIMENTO";"N";"N"
"1463";"VENCIMENTO";"N";"N"
"1464";"INFORMATIVO_MAIS";"N";"N"
"1465";"VENCIMENTO";"N";"N"
"1466";"VENCIMENTO";"29";"G"
"1467";"VENCIMENTO";"29";"G"
"1468";"VENCIMENTO";"29";"G"
"1469";"DESCONTO";"N";"N"
"1470";"INFORMATIVO_MENOS";"N";"N"
"1471";"VENCIMENTO";"N";"N"
"1472";"VENCIMENTO";"19";"G"
"1473";"VENCIMENTO";"19";"G"
"1474";"VENCIMENTO";"22";"G"
"1475";"VENCIMENTO";"N";"N"
"1476";"VENCIMENTO";"N";"N"
"1477";"VENCIMENTO";"N";"N"
"1478";"DESCONTO";"N";"N"
"1479";"VENCIMENTO";"N";"N"
"1480";"VENCIMENTO";"N";"N"
"1481";"VENCIMENTO";"N";"N"
"1482";"VENCIMENTO";"99";"G"
"1483";"VENCIMENTO";"N";"N"
"1484";"VENCIMENTO";"N";"N"
"1485";"VENCIMENTO";"N";"N"
"1486";"VENCIMENTO";"N";"N"
"1487";"VENCIMENTO";"N";"N"
"1488";"VENCIMENTO";"N";"N"
"1489";"VENCIMENTO";"N";"N"
"1490";"VENCIMENTO";"N";"N"
"1491";"VENCIMENTO";"N";"N"
"1492";"VENCIMENTO";"N";"N"
"1493";"VENCIMENTO";"22";"G"
"1494";"INFORMATIVO_MAIS";"N";"N"
"1495";"VENCIMENTO";"99";"G"
"1496";"VENCIMENTO";"N";"N"
"1497";"VENCIMENTO";"N";"N"
"1498";"VENCIMENTO";"N";"N"
"1499";"VENCIMENTO";"N";"N"
"1500";"VENCIMENTO";"N";"N"
"1501";"INFORMATIVO_MAIS";"N";"N"
"1502";"DESCONTO";"N";"N"
"1503";"DESCONTO";"N";"N"
"1504";"VENCIMENTO";"N";"N"
"1505";"VENCIMENTO";"N";"N"
"1506";"VENCIMENTO";"99";"G"
"1507";"VENCIMENTO";"N";"N"
"1508";"VENCIMENTO";"N";"N"
"1509";"VENCIMENTO";"N";"N"
"1510";"VENCIMENTO";"30";"G"
"1511";"VENCIMENTO";"N";"N"
"1512";"VENCIMENTO";"N";"N"
"1513";"VENCIMENTO";"N";"N"
"1514";"VENCIMENTO";"N";"N"
"1515";"VENCIMENTO";"N";"N"
"1516";"INFORMATIVO_MAIS";"N";"N"
"1517";"INFORMATIVO_MAIS";"N";"N"
"1518";"VENCIMENTO";"N";"N"
"1519";"VENCIMENTO";"N";"N"
"1520";"VENCIMENTO";"N";"N"
"1521";"VENCIMENTO";"N";"N"
"1522";"VENCIMENTO";"N";"N"
"1523";"VENCIMENTO";"N";"N"
"1524";"VENCIMENTO";"N";"N"
"1525";"VENCIMENTO";"N";"N"
"1526";"INFORMATIVO_MAIS";"N";"N"
"1527";"VENCIMENTO";"N";"N"
"1528";"VENCIMENTO";"N";"N"
"1529";"VENCIMENTO";"N";"N"
"1530";"VENCIMENTO";"N";"N"
"1531";"VENCIMENTO";"N";"N"
"1532";"VENCIMENTO";"N";"N"
"1533";"VENCIMENTO";"N";"N"
"1534";"VENCIMENTO";"N";"N"
"1535";"DESCONTO";"9";"D"
"1536";"DESCONTO";"9";"D"
"1537";"VENCIMENTO";"N";"N"
"1538";"VENCIMENTO";"N";"N"
"1539";"VENCIMENTO";"N";"N"
"1540";"VENCIMENTO";"N";"N"
"1541";"VENCIMENTO";"N";"N"
"1542";"VENCIMENTO";"N";"N"
"1543";"VENCIMENTO";"N";"N"
"1544";"DESCONTO";"N";"N"
"1545";"VENCIMENTO";"N";"N"
"1546";"VENCIMENTO";"N";"N"
"1547";"INFORMATIVO_MAIS";"N";"N"
"1548";"VENCIMENTO";"N";"N"
"1549";"VENCIMENTO";"N";"N"
"1550";"VENCIMENTO";"N";"N"
"1551";"VENCIMENTO";"N";"N"
"1552";"VENCIMENTO";"99";"G"
"1553";"VENCIMENTO";"N";"N"
"1554";"VENCIMENTO";"N";"N"
"1555";"VENCIMENTO";"N";"N"
"1556";"VENCIMENTO";"N";"N"
"1557";"VENCIMENTO";"N";"N"
"1558";"DESCONTO";"98";"D"
"1559";"VENCIMENTO";"N";"N"
"1560";"VENCIMENTO";"N";"N"
"1561";"VENCIMENTO";"N";"N"
"1562";"VENCIMENTO";"N";"N"
"1563";"VENCIMENTO";"N";"N"
"1564";"DESCONTO";"N";"N"
"1565";"VENCIMENTO";"N";"N"
"1566";"DESCONTO";"8";"D"
"1567";"DESCONTO";"N";"N"
"1568";"DESCONTO";"8";"D"
"1569";"DESCONTO";"8";"D"
"1570";"DESCONTO";"8";"D"
"1571";"DESCONTO";"N";"N"
"1572";"DESCONTO";"8";"D"
"1573";"DESCONTO";"8";"D"
"1574";"DESCONTO";"8";"D"
"1575";"DESCONTO";"8";"D"
"1576";"DESCONTO";"N";"N"
"1577";"DESCONTO";"98";"D"
"1578";"DESCONTO";"N";"N"
"1579";"VENCIMENTO";"22";"G"
"1580";"VENCIMENTO";"N";"N"
"1581";"VENCIMENTO";"23";"G"
"1582";"VENCIMENTO";"N";"N"
"1583";"VENCIMENTO";"N";"N"
"1584";"VENCIMENTO";"N";"N"
"1585";"VENCIMENTO";"N";"N"
"1586";"VENCIMENTO";"N";"N"
"1587";"VENCIMENTO";"N";"N"
"1588";"VENCIMENTO";"N";"N"
"1589";"VENCIMENTO";"99";"G"
"1590";"VENCIMENTO";"N";"N"
"1591";"VENCIMENTO";"99";"G"
"1592";"VENCIMENTO";"N";"N"
"1593";"DESCONTO";"N";"N"
"1594";"VENCIMENTO";"N";"N"
"1595";"DESCONTO";"507";"D"
"1596";"DESCONTO";"507";"D"
"1597";"DESCONTO";"507";"D"
"1598";"DESCONTO";"507";"D"
"1599";"DESCONTO";"507";"D"
"1600";"VENCIMENTO";"601";"G"
"1601";"VENCIMENTO";"N";"N"
"1602";"VENCIMENTO";"N";"N"
"1603";"VENCIMENTO";"N";"N"
"1604";"VENCIMENTO";"N";"N"
"1605";"VENCIMENTO";"N";"N"
"1606";"VENCIMENTO";"25";"G"
"1607";"VENCIMENTO";"N";"N"
"1608";"VENCIMENTO";"N";"N"
"1609";"VENCIMENTO";"N";"N"
"1610";"VENCIMENTO";"29";"G"
"1611";"VENCIMENTO";"N";"N"
"1612";"VENCIMENTO";"N";"N"
"1613";"VENCIMENTO";"N";"N"
"1614";"VENCIMENTO";"N";"N"
"1615";"VENCIMENTO";"N";"N"
"1616";"VENCIMENTO";"N";"N"
"1617";"VENCIMENTO";"N";"N"
"1618";"VENCIMENTO";"N";"N"
"1619";"VENCIMENTO";"48";"G"
"1620";"VENCIMENTO";"99";"G"
"1621";"VENCIMENTO";"N";"N"
"1622";"VENCIMENTO";"99";"G"
"1623";"VENCIMENTO";"N";"N"
"1624";"VENCIMENTO";"N";"N"
"1625";"VENCIMENTO";"N";"N"
"1626";"VENCIMENTO";"N";"N"
"1627";"VENCIMENTO";"N";"N"
"1628";"DESCONTO";"N";"N"
"1629";"VENCIMENTO";"99";"G"
"1630";"VENCIMENTO";"99";"G"
"1631";"VENCIMENTO";"23";"G"
"1632";"VENCIMENTO";"N";"N"
"1633";"VENCIMENTO";"N";"N"
"1634";"VENCIMENTO";"N";"N"
"1635";"VENCIMENTO";"N";"N"
"1636";"VENCIMENTO";"N";"N"
"1637";"VENCIMENTO";"23";"G"
"1638";"VENCIMENTO";"23";"G"
"1639";"VENCIMENTO";"N";"N"
"1640";"VENCIMENTO";"N";"N"
"1641";"VENCIMENTO";"N";"N"
"1642";"VENCIMENTO";"99";"G"
"1643";"VENCIMENTO";"N";"N"
"1644";"VENCIMENTO";"N";"N"
"1645";"VENCIMENTO";"N";"N"
"1646";"VENCIMENTO";"N";"N"
"1647";"DESCONTO";"N";"N"
"1648";"DESCONTO";"509";"D"
"1649";"DESCONTO";"509";"D"
"1650";"DESCONTO";"509";"D"
"1651";"VENCIMENTO";"N";"N"
"1652";"VENCIMENTO";"N";"N"
"1653";"VENCIMENTO";"N";"N"
"1654";"VENCIMENTO";"N";"N"
"1655";"VENCIMENTO";"N";"N"
"1656";"VENCIMENTO";"N";"N"
"1657";"VENCIMENTO";"19";"G"
"1658";"VENCIMENTO";"N";"N"
"1659";"VENCIMENTO";"22";"G"
"1660";"VENCIMENTO";"N";"N"
"1661";"VENCIMENTO";"N";"N"
"1662";"DESCONTO";"N";"N"
"1663";"DESCONTO";"98";"D"
"1664";"DESCONTO";"N";"N"
"1665";"DESCONTO";"N";"N"
"1666";"DESCONTO";"N";"N"
"1667";"VENCIMENTO";"N";"N"
"1668";"DESCONTO";"98";"D"
"1669";"VENCIMENTO";"N";"N"
"1670";"DESCONTO";"505";"D"
"1671";"DESCONTO";"505";"D"
"1672";"DESCONTO";"505";"D"
"1673";"VENCIMENTO";"N";"N"
"1674";"VENCIMENTO";"N";"N"
"1675";"VENCIMENTO";"N";"N"
"1676";"VENCIMENTO";"N";"N"
"1677";"DESCONTO";"N";"N"
"1678";"VENCIMENTO";"N";"N"
"1679";"VENCIMENTO";"N";"N"
"1680";"VENCIMENTO";"N";"N"
"1681";"VENCIMENTO";"N";"N"
"1682";"VENCIMENTO";"N";"N"
"1683";"VENCIMENTO";"N";"N"
"1684";"VENCIMENTO";"N";"N"
"1685";"VENCIMENTO";"N";"N"
"1686";"VENCIMENTO";"N";"N"
"1687";"VENCIMENTO";"N";"N"
"1688";"VENCIMENTO";"N";"N"
"1689";"VENCIMENTO";"N";"N"
"1690";"VENCIMENTO";"N";"N"
"1691";"VENCIMENTO";"N";"N"
"1692";"VENCIMENTO";"N";"N"
"1693";"VENCIMENTO";"N";"N"
"1694";"VENCIMENTO";"N";"N"
"1695";"VENCIMENTO";"601";"G"
"1696";"VENCIMENTO";"N";"N"
"1697";"VENCIMENTO";"N";"N"
"1698";"VENCIMENTO";"N";"N"
"1699";"VENCIMENTO";"N";"N"
"1700";"VENCIMENTO";"N";"N"
"1701";"VENCIMENTO";"N";"N"
"1702";"VENCIMENTO";"N";"N"
"1703";"VENCIMENTO";"N";"N"
"1704";"VENCIMENTO";"N";"N"
"1705";"VENCIMENTO";"N";"N"
"1706";"VENCIMENTO";"N";"N"
"1707";"VENCIMENTO";"N";"N"
"1708";"VENCIMENTO";"N";"N"
"1709";"VENCIMENTO";"N";"N"
"1710";"VENCIMENTO";"N";"N"
"1711";"DESCONTO";"N";"N"
"1712";"VENCIMENTO";"99";"G"
"1713";"VENCIMENTO";"99";"G"
"1714";"VENCIMENTO";"99";"G"
"1715";"VENCIMENTO";"N";"N"
"1716";"VENCIMENTO";"N";"N"
"1717";"VENCIMENTO";"N";"N"
"1718";"VENCIMENTO";"N";"N"
"1719";"DESCONTO";"N";"N"
"1720";"VENCIMENTO";"N";"N"
"1721";"VENCIMENTO";"N";"N"
"1722";"VENCIMENTO";"99";"G"
"1723";"DESCONTO";"N";"N"
"1724";"VENCIMENTO";"N";"N"
"1725";"VENCIMENTO";"N";"N"
"1726";"DESCONTO";"509";"D"
"1727";"DESCONTO";"N";"N"
"1728";"DESCONTO";"N";"N"
"1729";"DESCONTO";"8";"D"
"1730";"DESCONTO";"N";"N"
"1731";"VENCIMENTO";"N";"N"
"1732";"DESCONTO";"N";"N"
"1733";"VENCIMENTO";"N";"N"
"1734";"VENCIMENTO";"N";"N"
"1735";"VENCIMENTO";"N";"N"
"1736";"VENCIMENTO";"N";"N"
"1737";"VENCIMENTO";"N";"N"
"1738";"VENCIMENTO";"N";"N"
"1739";"VENCIMENTO";"21";"G"
"1740";"VENCIMENTO";"N";"N"
"1741";"VENCIMENTO";"N";"N"
"1742";"VENCIMENTO";"N";"N"
"1743";"VENCIMENTO";"N";"N"
"1744";"VENCIMENTO";"N";"N"
"1745";"VENCIMENTO";"N";"N"
"1746";"VENCIMENTO";"N";"N"
"1747";"DESCONTO";"8";"D"
"1748";"DESCONTO";"N";"N"
"1749";"DESCONTO";"N";"N"
"1750";"DESCONTO";"N";"N"
"1751";"DESCONTO";"N";"N"
"1752";"VENCIMENTO";"N";"N"
"1753";"VENCIMENTO";"N";"N"
"1754";"VENCIMENTO";"N";"N"
"1755";"VENCIMENTO";"N";"N"
"1756";"VENCIMENTO";"N";"N"
"1757";"VENCIMENTO";"N";"N"
"1758";"VENCIMENTO";"N";"N"
"1759";"DESCONTO";"98";"D"
"1760";"DESCONTO";"98";"D"
"1761";"DESCONTO";"98";"D"
"1762";"DESCONTO";"98";"D"
"1763";"VENCIMENTO";"N";"N"
"1764";"VENCIMENTO";"99";"G"
"1765";"VENCIMENTO";"99";"G"
"1766";"VENCIMENTO";"99";"G"
"1767";"VENCIMENTO";"N";"N"
"1768";"DESCONTO";"N";"N"
"1769";"DESCONTO";"N";"N"
"1770";"VENCIMENTO";"N";"N"
"1771";"VENCIMENTO";"N";"N"
"1772";"VENCIMENTO";"99";"G"
"1773";"VENCIMENTO";"N";"N"
"1774";"VENCIMENTO";"N";"N"
"1775";"VENCIMENTO";"N";"N"
"1776";"VENCIMENTO";"N";"N"
"1777";"DESCONTO";"N";"N"
"1778";"DESCONTO";"N";"N"
"1779";"VENCIMENTO";"N";"N"
"1780";"VENCIMENTO";"N";"N"
"1781";"VENCIMENTO";"N";"N"
"1782";"VENCIMENTO";"N";"N"
"1783";"VENCIMENTO";"N";"N"
"1784";"DESCONTO";"8";"D"
"1785";"DESCONTO";"N";"N"
"1786";"VENCIMENTO";"99";"G"
"1787";"VENCIMENTO";"N";"N"
"1788";"DESCONTO";"N";"N"
"1789";"DESCONTO";"N";"N"
"1790";"VENCIMENTO";"60";"G"
"1791";"VENCIMENTO";"99";"G"
"1792";"VENCIMENTO";"99";"G"
"1793";"VENCIMENTO";"4";"B"
"1794";"DESCONTO";"8";"D"
"1795";"DESCONTO";"8";"D"
"1796";"VENCIMENTO";"99";"G"
"1797";"VENCIMENTO";"2";"B"
"1798";"VENCIMENTO";"N";"N"
"1799";"VENCIMENTO";"2";"B"
"1800";"VENCIMENTO";"N";"N"
"1801";"VENCIMENTO";"N";"N"
"1802";"VENCIMENTO";"N";"N"
"1803";"VENCIMENTO";"N";"N"
"1804";"VENCIMENTO";"N";"N"
"1805";"VENCIMENTO";"N";"N"
"1806";"VENCIMENTO";"N";"N"
"1807";"VENCIMENTO";"N";"N"
"1808";"VENCIMENTO";"N";"N"
"1809";"VENCIMENTO";"N";"N"
"1810";"VENCIMENTO";"N";"N"
"1811";"VENCIMENTO";"N";"N"
"1812";"VENCIMENTO";"23";"G"
"1813";"VENCIMENTO";"23";"G"
"1814";"VENCIMENTO";"N";"N"
"1815";"VENCIMENTO";"N";"N"
"1816";"VENCIMENTO";"N";"N"
"1817";"VENCIMENTO";"N";"N"
"1818";"VENCIMENTO";"N";"N"
"1819";"VENCIMENTO";"N";"N"
"1820";"VENCIMENTO";"N";"N"
"1821";"VENCIMENTO";"N";"N"
"1822";"DESCONTO";"N";"N"
"1823";"DESCONTO";"98";"D"
"1824";"DESCONTO";"N";"N"
"1825";"DESCONTO";"N";"N"
"1826";"DESCONTO";"98";"D"
"1827";"VENCIMENTO";"N";"N"
"1828";"VENCIMENTO";"N";"N"
"1829";"VENCIMENTO";"N";"N"
"1830";"VENCIMENTO";"N";"N"
"1831";"DESCONTO";"N";"N"
"1832";"VENCIMENTO";"N";"N"
"1833";"VENCIMENTO";"N";"N"
"1834";"DESCONTO";"N";"N"
"1835";"VENCIMENTO";"N";"N"
"1836";"DESCONTO";"N";"N"
"1837";"VENCIMENTO";"N";"N"
"1838";"DESCONTO";"N";"N"
"1839";"INFORMATIVO_MENOS";"N";"N"
"1840";"VENCIMENTO";"N";"N"
"1841";"VENCIMENTO";"N";"N"
"1842";"VENCIMENTO";"N";"N"
"1843";"INFORMATIVO_MENOS";"N";"N"
"1844";"INFORMATIVO_MENOS";"N";"N"
"1845";"VENCIMENTO";"60";"G"
"1846";"VENCIMENTO";"N";"N"
"1847";"VENCIMENTO";"N";"N"
"1848";"DESCONTO";"N";"N"
"1849";"VENCIMENTO";"N";"N"
"1850";"VENCIMENTO";"N";"N"
"1851";"VENCIMENTO";"N";"N"
"1852";"VENCIMENTO";"N";"N"
"1853";"VENCIMENTO";"N";"N"
"1854";"VENCIMENTO";"N";"N"
"1855";"VENCIMENTO";"N";"N"
"1856";"DESCONTO";"N";"N"
"1857";"VENCIMENTO";"N";"N"
"1858";"VENCIMENTO";"N";"N"
"1859";"VENCIMENTO";"N";"N"
"1860";"VENCIMENTO";"N";"N"
"1861";"VENCIMENTO";"N";"N"
"1862";"VENCIMENTO";"N";"N"
"1863";"INFORMATIVO_MENOS";"N";"N"
"1864";"INFORMATIVO_MENOS";"N";"N"
"1865";"INFORMATIVO_MENOS";"N";"N"
"1866";"VENCIMENTO";"N";"N"
"1867";"VENCIMENTO";"N";"N"
"1868";"VENCIMENTO";"N";"N"
"1869";"VENCIMENTO";"N";"N"
"1870";"VENCIMENTO";"N";"N"
"1871";"VENCIMENTO";"N";"N"
"1872";"VENCIMENTO";"N";"N"
"1873";"VENCIMENTO";"N";"N"
"1874";"VENCIMENTO";"N";"N"
"1875";"VENCIMENTO";"29";"G"
"1876";"VENCIMENTO";"24";"G"
"1877";"VENCIMENTO";"24";"G"
"1878";"VENCIMENTO";"N";"N"
"1879";"VENCIMENTO";"N";"N"
"1880";"DESCONTO";"N";"N"
"1881";"VENCIMENTO";"N";"N"
"1882";"VENCIMENTO";"23";"G"
"1883";"VENCIMENTO";"23";"G"
"1884";"VENCIMENTO";"23";"G"
"1885";"VENCIMENTO";"24";"G"
"1886";"VENCIMENTO";"24";"G"
"1887";"VENCIMENTO";"23";"G"
"1888";"VENCIMENTO";"23";"G"
"1889";"VENCIMENTO";"23";"G"
"1890";"VENCIMENTO";"N";"N"
"1891";"VENCIMENTO";"N";"N"
"1892";"VENCIMENTO";"N";"N"
"1893";"VENCIMENTO";"N";"N"
"1894";"VENCIMENTO";"N";"N"
"1895";"VENCIMENTO";"N";"N"
"1896";"DESCONTO";"71";"D"
"1897";"DESCONTO";"N";"N"
"1898";"VENCIMENTO";"N";"N"
"1899";"VENCIMENTO";"N";"N"
"1900";"VENCIMENTO";"N";"N"
"1901";"VENCIMENTO";"N";"N"
"1902";"VENCIMENTO";"N";"N"
"1903";"VENCIMENTO";"N";"N"
"1904";"DESCONTO";"N";"N"
"1905";"VENCIMENTO";"N";"N"
"1906";"VENCIMENTO";"N";"N"
"1907";"VENCIMENTO";"N";"N"
"1908";"VENCIMENTO";"N";"N"
"1909";"INFORMATIVO_MAIS";"10";"D"
"1910";"VENCIMENTO";"99";"G"
"1911";"DESCONTO";"98";"D"
"1912";"INFORMATIVO_MAIS";"10";"D"
"1913";"DESCONTO";"8";"D"
"1914";"DESCONTO";"8";"D"
"1915";"VENCIMENTO";"99";"G"
"1916";"VENCIMENTO";"99";"G"
"1917";"DESCONTO";"8";"D"
"1918";"VENCIMENTO";"N";"N"
"1919";"VENCIMENTO";"N";"N"
"1920";"VENCIMENTO";"N";"N"
"1921";"VENCIMENTO";"N";"N"
"1922";"VENCIMENTO";"99";"G"
"1923";"VENCIMENTO";"N";"N"
"1924";"VENCIMENTO";"N";"N"
"1925";"VENCIMENTO";"N";"N"
"1926";"VENCIMENTO";"N";"N"
"1927";"VENCIMENTO";"N";"N"
"1928";"VENCIMENTO";"N";"N"
"1929";"DESCONTO";"515";"D"
"1930";"VENCIMENTO";"N";"N"
"1931";"VENCIMENTO";"99";"G"
"1932";"VENCIMENTO";"N";"G"
"1933";"DESCONTO";"509";"D"
"1934";"DESCONTO";"N";"N"
"1935";"INFORMATIVO_MAIS";"N";"N"
"1936";"DESCONTO";"505";"D"
"1937";"VENCIMENTO";"99";"G"
"1938";"VENCIMENTO";"N";"N"
"1939";"VENCIMENTO";"N";"N"
"1940";"DESCONTO";"509";"D"
"1941";"DESCONTO";"509";"D"
"1942";"VENCIMENTO";"99";"G"
"1943";"VENCIMENTO";"99";"G"
"1944";"VENCIMENTO";"99";"G"
"1955";"VENCIMENTO";"99";"G"
"1956";"VENCIMENTO";"99";"G"
"1957";"VENCIMENTO";"99";"G"
"1958";"DESCONTO";"N";"N"
"1959";"DESCONTO";"505";"D"
"1960";"VENCIMENTO";"99";"G"
"1961";"VENCIMENTO";"99";"G"
"1962";"INFORMATIVO_MAIS";"99";"G"
"1963";"VENCIMENTO";"N";"N"