"TDBG_CODIGO";"TDBG_NOME";"TDBG_TIPO";"TDBG_OBSERVACAO";"TDBG_INTEGRAREMUNERACCONTRIB"
"9790";"UNIAO PREVIDENCIARIA";"D";"APENAS PARA O PODER EXECUTIVO ESTADUAL";"N"
"9810";"BANCO INDUSTRIAL DO BRASIL S.A.";"D";"APENAS PARA O PODER EXECUTIVO ESTADUAL";"N"
"9820";"CLUBE VIDA SUL AMERICA DO NORTE";"D";"APENAS PARA O PODER EXECUTIVO ESTADUAL";"N"
"9830";"ASSOCIACAO DOS SERVIDORES PUBLICOS BRASILEIROS";"D";"APENAS PARA O PODER EXECUTIVO ESTADUAL";"N"
"9840";"ASSOCIACAO DOS PRACAS MILITARES DE TANGARA DA SERRA DE MT";"D";"APENAS PARA O PODER EXECUTIVO ESTADUAL";"N"
"9850";"COOPERATIVA DE ECONOMIA E CREDITO MUTUO -SEFAZ";"D";"APENAS PARA O PODER EXECUTIVO ESTADUAL";"N"
"9860";"BANCO PINE S.A.";"D";"APENAS PARA O PODER EXECUTIVO ESTADUAL";"N"
"9870";"GREMIO DE APOIO DOS MILITARES DO ESTADO DE MATO GROSSO - MT";"D";"APENAS PARA O PODER EXECUTIVO ESTADUAL";"N"
"9880";"ORDEM BRASILEIRA DE ASSISTENCIA AO SERVIDOR PUBLICO";"D";"APENAS PARA O PODER EXECUTIVO ESTADUAL";"N"
"9890";"SUL FINANCEIRA S.A.";"D";"APENAS PARA O PODER EXECUTIVO ESTADUAL";"N"
"2";"SALÁRIO MATERNIDADE";"B";"";"N"
"9900";"IMPOSTO DE RENDA";"D";"APENAS PARA O PODER EXECUTIVO ESTADUAL";"N"
"9910";"ASSOCIACAO DOS SERVIDORES DA CASA CIVIL";"D";"APENAS PARA O PODER EXECUTIVO ESTADUAL";"N"
"9920";"ASSOCIACAO DOS EXAMINADORES DO DEPART ESTADUAL DE TRANSITO";"D";"APENAS PARA O PODER EXECUTIVO ESTADUAL";"N"
"9930";"YES - INSTITUTO DE ENSINO SUPERIOR SAPEZAL";"D";"APENAS PARA O PODER EXECUTIVO ESTADUAL";"N"
"9940";"DESPESAS MEDICAS/ IR";"D";"APENAS PARA O PODER EXECUTIVO ESTADUAL";"N"
"9950";"ASSOCIACAO DOS SERVIDORES EFETIVOS DA AGER - ASAGER";"D";"APENAS PARA O PODER EXECUTIVO ESTADUAL";"N"
"9970";"IMPOSTO DE RENDA R.F.- GRATIFICACAO NATALINA";"D";"APENAS PARA O PODER EXECUTIVO ESTADUAL";"N"
"9971";"IMPOSTO DE RENDA R.F.- GRATIFICACAO NATALINA MENSAL";"D";"APENAS PARA O PODER EXECUTIVO ESTADUAL";"N"
"9980";"DEVOLUCAO ERARIO LIC / INSS";"D";"APENAS PARA O PODER EXECUTIVO ESTADUAL";"N"
"9981";"DEVOLUCAO POR DEPOSITO";"D";"APENAS PARA O PODER EXECUTIVO ESTADUAL";"N"
"9990";"QUALQUER DESCONTO";"D";"APENAS PARA O PODER EXECUTIVO ESTADUAL";"N"
"99900";"SUBSIDIO COMISSAO SERVIDOR/LC 266";"D";"APENAS PARA O PODER EXECUTIVO ESTADUAL";"N"
"99920";"DESIGNACAO DE FUNCAO MILITAR";"D";"APENAS PARA O PODER EXECUTIVO ESTADUAL";"N"
"99970";"FUNCAO DEDICACAO EXCLUSIVA ASSESSOR PEDAGOGICO";"D";"APENAS PARA O PODER EXECUTIVO ESTADUAL";"N"
"99990";"SUBSIDIO COMISSAO";"D";"APENAS PARA O PODER EXECUTIVO ESTADUAL";"N"
"99995";"SUBSIDIO COMISSAO MATERNIDADE INSS";"D";"APENAS PARA O PODER EXECUTIVO ESTADUAL";"N"
"991010";"VENCIMENTO";"D";"APENAS PARA O PODER EXECUTIVO ESTADUAL";"N"
"991015";"VANTAGEM ANTERIOR À APOSENTADORIA";"D";"APENAS PARA O PODER EXECUTIVO ESTADUAL";"N"
"991016";"CREDITO ESPECIALISTA DE EDUCAÇAO";"D";"APENAS PARA O PODER EXECUTIVO ESTADUAL";"N"
"991017";"JUROS CREDITO ESPECIALISTA DE EDUCAÇAO";"D";"APENAS PARA O PODER EXECUTIVO ESTADUAL";"N"
"991020";"PROVENTOS";"D";"APENAS PARA O PODER EXECUTIVO ESTADUAL";"N"
"991021";"PROVENTOS/ISENTO PREVIDENCIA";"D";"APENAS PARA O PODER EXECUTIVO ESTADUAL";"N"
"991030";"VENCIMENTO EM COMISSAO";"D";"APENAS PARA O PODER EXECUTIVO ESTADUAL";"N"
"991040";"SUBSIDIOS";"D";"APENAS PARA O PODER EXECUTIVO ESTADUAL";"N"
"991050";"SUBSIDIOS MATERNIDADE INSS";"D";"APENAS PARA O PODER EXECUTIVO ESTADUAL";"N"
"991070";"HORAS AULAS EXCEDENTES";"D";"APENAS PARA O PODER EXECUTIVO ESTADUAL";"N"
"991071";"HORA ATIVIDADE";"D";"APENAS PARA O PODER EXECUTIVO ESTADUAL";"N"
"991090";"GRATIFICACAO LEI COMPLEMENTAR 279/2007";"D";"APENAS PARA O PODER EXECUTIVO ESTADUAL";"N"
"991100";"GRAT L10622/17 ESTAD";"D";"APENAS PARA O PODER EXECUTIVO ESTADUAL";"N"
"991105";"GRAT L10622/17 FEDER";"D";"APENAS PARA O PODER EXECUTIVO ESTADUAL";"N"
"991110";"COMPLEMENTO REMUNERACAO/ PJC.";"D";"APENAS PARA O PODER EXECUTIVO ESTADUAL";"N"
"991130";"REEMBOLSO DESPESA DEFICIENTE";"D";"APENAS PARA O PODER EXECUTIVO ESTADUAL";"N"
"991150";"ADICIONAL TITULACAO";"D";"APENAS PARA O PODER EXECUTIVO ESTADUAL";"N"
"991160";"GRATIFICACAO CONVOCACAO MAGISTERIO";"D";"APENAS PARA O PODER EXECUTIVO ESTADUAL";"N"
"991180";"ACAO JUDICIAL-PM";"D";"APENAS PARA O PODER EXECUTIVO ESTADUAL";"N"
"991220";"REPRESENTACAO";"D";"APENAS PARA O PODER EXECUTIVO ESTADUAL";"N"
"991230";"GRATIFICACAO DEDICACAO EXCLUSIVA";"D";"APENAS PARA O PODER EXECUTIVO ESTADUAL";"N"
"991240";"GRATIFICACAO 30 POR CENTO LEI 8265";"D";"APENAS PARA O PODER EXECUTIVO ESTADUAL";"N"
"991241";"GRATIFICACAO ARTIGO 15 LC 550/2014";"D";"APENAS PARA O PODER EXECUTIVO ESTADUAL";"N"
"500";"CREDLEGIS-DESCONTO";"D";"";"N"
"501";"CONSIGNACAO CREDLEGIS";"D";"";"N"
"502";"CONSIGNACAO BANCOOB";"D";"";"N"
"503";"CONSG BB-1";"D";"";"N"
"504";"CONSIGNACAO BANCO SAFRA";"D";"";"N"
"505";"CONSIGNACAO CEF";"D";"";"N"
"506";"CONSIGNAÇÃO SICOOB SERVIDOR I";"D";"";"N"
"507";"CONSIGNAÇÃO BRADESCO I";"D";"";"N"
"508";"CONSIGNACAO BANCO BMG";"D";"";"N"
"509";"CONSIGNAÇÃO SICREDI I";"D";"";"N"
"991245";"GRATIFICACAO LEI 8265";"D";"APENAS PARA O PODER EXECUTIVO ESTADUAL";"N"
"991250";"ACRESCIMO LEI 9684/2011";"D";"APENAS PARA O PODER EXECUTIVO ESTADUAL";"N"
"991260";"INDENIZACAO DE ATIVIDADE INSALUBRE/SUS";"D";"APENAS PARA O PODER EXECUTIVO ESTADUAL";"N"
"991261";"ADICIONAL DE INSALUBRIDADE SUS LC 441/2011";"D";"APENAS PARA O PODER EXECUTIVO ESTADUAL";"N"
"991270";"AUXILIO INVALIDEZ";"D";"APENAS PARA O PODER EXECUTIVO ESTADUAL";"N"
"991280";"SALARIO FAMILIA";"D";"APENAS PARA O PODER EXECUTIVO ESTADUAL";"N"
"991290";"REGIME PLANTAO SUS LC 441/2011";"D";"APENAS PARA O PODER EXECUTIVO ESTADUAL";"N"
"991310";"GRATIFICACAO 25";"D";"APENAS PARA O PODER EXECUTIVO ESTADUAL";"N"
"991320";"BOLSA AUXILIO";"D";"APENAS PARA O PODER EXECUTIVO ESTADUAL";"N"
"991330";"AULAS ADICIONAIS NA FUNCAO DE PROF- P E B AULAS LIVRES";"D";"APENAS PARA O PODER EXECUTIVO ESTADUAL";"N"
"991340";"DIRECAO ASSISTENCIA INTERMEDIARIA-GRUPO DE ASSESORAM DIRECAO";"D";"APENAS PARA O PODER EXECUTIVO ESTADUAL";"N"
"991350";"CORRECAO  ARTIGO 147/C E";"D";"APENAS PARA O PODER EXECUTIVO ESTADUAL";"N"
"991360";"COMPL/SUBSID/ART.7 CF";"D";"APENAS PARA O PODER EXECUTIVO ESTADUAL";"N"
"991370";"VANTAGEM PESSOAL";"D";"APENAS PARA O PODER EXECUTIVO ESTADUAL";"N"
"991380";"HORA EXTRA INCORPORADA";"D";"APENAS PARA O PODER EXECUTIVO ESTADUAL";"N"
"991390";"COMPLEMENTO/LEI 9049/2008";"D";"APENAS PARA O PODER EXECUTIVO ESTADUAL";"N"
"991400";"PENSAO POR DECISAO JUDICIAL";"D";"APENAS PARA O PODER EXECUTIVO ESTADUAL";"N"
"991410";"INDENIZACAO DE  FERIAS";"D";"APENAS PARA O PODER EXECUTIVO ESTADUAL";"N"
"991411";"INDENIZACAO DE  FERIAS COMISSAO SERVIDOR";"D";"APENAS PARA O PODER EXECUTIVO ESTADUAL";"N"
"991420";"INDENIZACAO DE  FERIAS - RESCISÃO";"D";"APENAS PARA O PODER EXECUTIVO ESTADUAL";"N"
"991421";"FERIAS PROPORCIONAL - RESCISÃO";"D";"APENAS PARA O PODER EXECUTIVO ESTADUAL";"N"
"991430";"GRATIFICACAO EDUCACAO ESPECIAL";"D";"APENAS PARA O PODER EXECUTIVO ESTADUAL";"N"
"991440";"COMPLEMENTO JUDICIAL TRT CEPROMAT";"D";"APENAS PARA O PODER EXECUTIVO ESTADUAL";"N"
"991460";"GRATIFICACAO HABILITACAO PROFISSIONALPM/CBM";"D";"APENAS PARA O PODER EXECUTIVO ESTADUAL";"N"
"991540";"SUBSIDIO COMISSAO-PGE";"D";"APENAS PARA O PODER EXECUTIVO ESTADUAL";"N"
"991560";"FUNCAO INCORPORADA";"D";"APENAS PARA O PODER EXECUTIVO ESTADUAL";"N"
"991610";"ADICIONAL RISCO DE SAUDE";"D";"APENAS PARA O PODER EXECUTIVO ESTADUAL";"N"
"991640";"ADICIONAL REFORMA";"D";"APENAS PARA O PODER EXECUTIVO ESTADUAL";"N"
"991650";"INDENIZACAO DE LICENCA PREMIO";"D";"APENAS PARA O PODER EXECUTIVO ESTADUAL";"N"
"991655";"VERBA INDENIZ LC 550/14";"D";"APENAS PARA O PODER EXECUTIVO ESTADUAL";"N"
"991660";"FUNCAO DE DEDICACAO EXCLUSIVA COORDENADOR PEDAGOGICO";"D";"APENAS PARA O PODER EXECUTIVO ESTADUAL";"N"
"991680";"INDENIZACAO EXTINCAO CONTRATO DECRETO 914";"D";"APENAS PARA O PODER EXECUTIVO ESTADUAL";"N"
"991681";"INDENIZAÇAO GESTACIONAL";"D";"APENAS PARA O PODER EXECUTIVO ESTADUAL";"N"
"510";"MT SAUDE CO-PARTICIPACAO";"D";"";"N"
"520";"DESCONTO DE DIÁRIAS";"D";"";"N"
"521";"DESCONTO LICENÇA ART. 105 § 2º LC";"D";"";"N"
"522";"DESCONTO MULTAS-INFRAÇÕES DE TRÂNSITO";"D";"";"N"
"523";"UNALE PECULIO-FALECIMENTO DE DEPUTADO";"D";"";"N"
"600";"ABONO PECUNIARIO";"G";"";"N"
"991682";"INDENIZAÇÃO ESTAB PROVISORIA";"D";"APENAS PARA O PODER EXECUTIVO ESTADUAL";"N"
"991700";"ADICIONAL FINAL CARREIRA";"D";"APENAS PARA O PODER EXECUTIVO ESTADUAL";"N"
"991710";"AULAS ADICIONAIS-SEDUC";"D";"APENAS PARA O PODER EXECUTIVO ESTADUAL";"N"
"991730";"REPRESENTACAO DE COMANDO";"D";"APENAS PARA O PODER EXECUTIVO ESTADUAL";"N"
"991740";"AUXILIO NATALIDADE PM/BM";"D";"APENAS PARA O PODER EXECUTIVO ESTADUAL";"N"
"991750";"AUXILIO MORADIA";"D";"APENAS PARA O PODER EXECUTIVO ESTADUAL";"N"
"991760";"INDENIZACAO TRANSPORTE";"D";"APENAS PARA O PODER EXECUTIVO ESTADUAL";"N"
"991780";"SUBSIDIO FUNCAO-UNEMAT";"D";"APENAS PARA O PODER EXECUTIVO ESTADUAL";"N"
"991800";"FUNCAO GRATIFICAO DIRETOR";"D";"APENAS PARA O PODER EXECUTIVO ESTADUAL";"N"
"991820";"ADICIONAL SERVICO EXTRAORDINARIO";"D";"APENAS PARA O PODER EXECUTIVO ESTADUAL";"N"
"991821";"JORNADA EXTRA";"D";"APENAS PARA O PODER EXECUTIVO ESTADUAL";"N"
"991822";"JORNADA SERVICO VOLUNTARIO PM";"D";"APENAS PARA O PODER EXECUTIVO ESTADUAL";"N"
"991823";"JORNADA EXTRA LC586";"D";"APENAS PARA O PODER EXECUTIVO ESTADUAL";"N"
"991830";"SUBSIDIO FUNCAO-FUNEMT";"D";"APENAS PARA O PODER EXECUTIVO ESTADUAL";"N"
"991835";"FUNCAO UNEMAT";"D";"APENAS PARA O PODER EXECUTIVO ESTADUAL";"N"
"991940";"AUXILIO UNIFORME PM/BM";"D";"APENAS PARA O PODER EXECUTIVO ESTADUAL";"N"
"991950";"GRATIFICACAO PRODUTIVIDADE/DEDICACAO PLENA";"D";"APENAS PARA O PODER EXECUTIVO ESTADUAL";"N"
"991980";"FUNCAO JARI-MT";"D";"APENAS PARA O PODER EXECUTIVO ESTADUAL";"N"
"992010";"CREDITO SALARIAL-JUROS";"D";"APENAS PARA O PODER EXECUTIVO ESTADUAL";"N"
"992015";"CREDITO AMORTIZACAO CAIXA ECONOMICA FEDERAL S/IR";"D";"APENAS PARA O PODER EXECUTIVO ESTADUAL";"N"
"992020";"CREDITO SALARIAL-ATS";"D";"APENAS PARA O PODER EXECUTIVO ESTADUAL";"N"
"992025";"CREDITO AMORTIZACAO CAIXA ECONOMICA FEDERAL C/ IR";"D";"APENAS PARA O PODER EXECUTIVO ESTADUAL";"N"
"992030";"CREDITO SALARIAL-TETO";"D";"APENAS PARA O PODER EXECUTIVO ESTADUAL";"N"
"992050";"ETAPA ALIMENTACAO";"D";"APENAS PARA O PODER EXECUTIVO ESTADUAL";"N"
"992070";"SUBSIDIO FUNCAO-INTERMAT";"D";"APENAS PARA O PODER EXECUTIVO ESTADUAL";"N"
"992080";"CREDITO VENCIMENTO RETROATIVO";"D";"APENAS PARA O PODER EXECUTIVO ESTADUAL";"N"
"992081";"CREDITO VENCIMENTO RETROATIVO-IR";"D";"APENAS PARA O PODER EXECUTIVO ESTADUAL";"N"
"992090";"DIRECAO ASSESSORAMENTO SUPERIOR-REPRESENTACAO UNICA";"D";"APENAS PARA O PODER EXECUTIVO ESTADUAL";"N"
"992100";"AJUDA DE CUSTO/MUDANCA";"D";"APENAS PARA O PODER EXECUTIVO ESTADUAL";"N"
"992110";"COMPLEMENTO CONSTITUCIONAL-L7705";"D";"APENAS PARA O PODER EXECUTIVO ESTADUAL";"N"
"992120";"BENEFICIO DE PENSAO";"D";"APENAS PARA O PODER EXECUTIVO ESTADUAL";"N"
"992130";"PARCELA-VENCIMENTO RETROATIVO";"D";"APENAS PARA O PODER EXECUTIVO ESTADUAL";"N"
"992150";"GRATIFICACAO ESPECIALIDADE";"D";"APENAS PARA O PODER EXECUTIVO ESTADUAL";"N"
"992160";"CREDITO-DECISAO JUDICIAL";"D";"APENAS PARA O PODER EXECUTIVO ESTADUAL";"N"
"992170";"FUNCAO CONSELHO PENITENCIARIO";"D";"APENAS PARA O PODER EXECUTIVO ESTADUAL";"N"
"992230";"PECULIO SANEPREV";"D";"APENAS PARA O PODER EXECUTIVO ESTADUAL";"N"
"992240";"BENEFICIARIO DE PENSAO ESPECIAL";"D";"APENAS PARA O PODER EXECUTIVO ESTADUAL";"N"
"992270";"GRATIFICACAO MAGISTERIO";"D";"APENAS PARA O PODER EXECUTIVO ESTADUAL";"N"
"992290";"GRATIFICACAO DE INCENTIVO DE APRIMORAMENTO A DOCENCIA-PEB";"D";"APENAS PARA O PODER EXECUTIVO ESTADUAL";"N"
"992310";"ABONO CONTRIBUICAO PREVIDENCIARIA";"D";"APENAS PARA O PODER EXECUTIVO ESTADUAL";"N"
"992311";"ABONO CONTRIBUICAO PREVIDENCIARIA - GRAT NAT";"D";"APENAS PARA O PODER EXECUTIVO ESTADUAL";"N"
"992312";"ABONO CONTRIBUICAO PREVIDENCIARIA - GRAT NAT MENSAL";"D";"APENAS PARA O PODER EXECUTIVO ESTADUAL";"N"
"992315";"ABONO CONTRIBUICAO PREVIDENCIARIA GRAT NAT";"D";"APENAS PARA O PODER EXECUTIVO ESTADUAL";"N"
"992320";"ADIANTAMENTO AQUISICAO UNIFORME/PM-BM";"D";"APENAS PARA O PODER EXECUTIVO ESTADUAL";"N"
"992360";"ABONO SALARIAL";"D";"APENAS PARA O PODER EXECUTIVO ESTADUAL";"N"
"992370";"COMPLEMENTO CONSTITUCIONAL";"D";"APENAS PARA O PODER EXECUTIVO ESTADUAL";"N"
"992390";"FUNCAO DEDICACAO EXCLUSIVA DIRETOR DE ESCOLA/PEB";"D";"APENAS PARA O PODER EXECUTIVO ESTADUAL";"N"
"992410";"FUNCAO DEDICACAO EXCLUSIVA SECRETARIO DE ESCOLA/PEB";"D";"APENAS PARA O PODER EXECUTIVO ESTADUAL";"N"
"992420";"J E T O N";"D";"APENAS PARA O PODER EXECUTIVO ESTADUAL";"N"
"992450";"GRATIFICACAO DE COMISSAO";"D";"APENAS PARA O PODER EXECUTIVO ESTADUAL";"N"
"992480";"GRATIFICACAO SISTEMA PRISIONAL E SOCIO EDUCATIVO";"D";"APENAS PARA O PODER EXECUTIVO ESTADUAL";"N"
"992490";"ADICIONAL DE FERIAS";"D";"APENAS PARA O PODER EXECUTIVO ESTADUAL";"N"
"992491";"ADICIONAL DE FERIAS - RESCISÃO";"D";"APENAS PARA O PODER EXECUTIVO ESTADUAL";"N"
"992492";"ADICIONAL DE FERIAS INDENIZADAS";"D";"APENAS PARA O PODER EXECUTIVO ESTADUAL";"N"
"992500";"ABONO PECUNIARIO";"D";"APENAS PARA O PODER EXECUTIVO ESTADUAL";"N"
"992530";"ADICIONAL NOTURNO";"D";"APENAS PARA O PODER EXECUTIVO ESTADUAL";"N"
"992540";"ACAO JUDICIAL";"D";"APENAS PARA O PODER EXECUTIVO ESTADUAL";"N"
"992550";"TITULO JULGADO INCORPORADO 61 MS 37063/2005";"D";"APENAS PARA O PODER EXECUTIVO ESTADUAL";"N"
"992640";"GRATIFICACAO LOCALIDADE ESPECIAL";"D";"APENAS PARA O PODER EXECUTIVO ESTADUAL";"N"
"992750";"ADIANTAMENTO DE FERIAS";"D";"APENAS PARA O PODER EXECUTIVO ESTADUAL";"N"
"992800";"PRODUTIVIDADE";"D";"APENAS PARA O PODER EXECUTIVO ESTADUAL";"N"
"992820";"COTAS APOSENTADO /TAF.";"D";"APENAS PARA O PODER EXECUTIVO ESTADUAL";"N"
"992870";"ADIANTAMENTO GRATIFICACAO NATALINA";"D";"APENAS PARA O PODER EXECUTIVO ESTADUAL";"N"
"993000";"ADICIONAL PERICULOSIDADE";"D";"APENAS PARA O PODER EXECUTIVO ESTADUAL";"N"
"993010";"GRATIFICACAO EXERCICIO DIRECAO OPERACIONAL";"D";"APENAS PARA O PODER EXECUTIVO ESTADUAL";"N"
"993080";"SUBSIDIO REGIME INTEGRAL";"D";"APENAS PARA O PODER EXECUTIVO ESTADUAL";"N"
"993090";"RENDA/MENSAL/BRUTA";"D";"APENAS PARA O PODER EXECUTIVO ESTADUAL";"N"
"993110";"ADICIONAL TEMPO SERVICO";"D";"APENAS PARA O PODER EXECUTIVO ESTADUAL";"N"
"993120";"GRATIFICACAO PRESIDENTE CONSELHO EST. EDUCACAO";"D";"APENAS PARA O PODER EXECUTIVO ESTADUAL";"N"
"993140";"PECULIO SANEPREVI";"D";"APENAS PARA O PODER EXECUTIVO ESTADUAL";"N"
"993920";"ADICIONAL INSALUBRIDADE";"D";"APENAS PARA O PODER EXECUTIVO ESTADUAL";"N"
"994000";"PENSAO ALIMENTICIA";"D";"APENAS PARA O PODER EXECUTIVO ESTADUAL";"N"
"994010";"ADIANTAMENTO LIQUIDO NEGATIVO";"D";"APENAS PARA O PODER EXECUTIVO ESTADUAL";"N"
"994011";"ADIANTAMENTO LIQUIDO NEGATIVO GRAT NAT MENSAL";"D";"APENAS PARA O PODER EXECUTIVO ESTADUAL";"N"
"994060";"COMPLEMENTO SUBSIDIO/MS 233/2001";"D";"APENAS PARA O PODER EXECUTIVO ESTADUAL";"N"
"994550";"ADIANTAMENTO DE FERIAS";"D";"APENAS PARA O PODER EXECUTIVO ESTADUAL";"N"
"994590";"GRATIFICACAO NATALINA CONTRATOS TEMPORARIOS";"D";"APENAS PARA O PODER EXECUTIVO ESTADUAL";"N"
"994600";"GRATIFICACAO NATALINA LC 4/90.";"D";"APENAS PARA O PODER EXECUTIVO ESTADUAL";"N"
"994601";"GRATIFICACAO NATALINA LC 4/90 MENSAL";"D";"APENAS PARA O PODER EXECUTIVO ESTADUAL";"N"
"994610";"GRATIFICACAO NATALINA LC 4/90. - RESCISÃO";"D";"APENAS PARA O PODER EXECUTIVO ESTADUAL";"N"
"994611";"GRATIFICACAO NATALINA LC 4/90. - RESCISÃO(CALC AUTOMATICO)";"D";"APENAS PARA O PODER EXECUTIVO ESTADUAL";"N"
"994620";"GRATIFICACAO NATALINA FUNDEF";"D";"APENAS PARA O PODER EXECUTIVO ESTADUAL";"N"
"994630";"PASEP ABONO/RENDIMENTO";"D";"APENAS PARA O PODER EXECUTIVO ESTADUAL";"N"
"994640";"RESTITUIÇÃO PENSÃO ALIMENTÍCIA";"D";"APENAS PARA O PODER EXECUTIVO ESTADUAL";"N"
"994710";"PENSAO SUPLEMENTAR SANEPREVI";"D";"APENAS PARA O PODER EXECUTIVO ESTADUAL";"N"
"994750";"PARCELA - JUROS";"D";"APENAS PARA O PODER EXECUTIVO ESTADUAL";"N"
"994760";"PARCELA - GRUPO TAF";"D";"APENAS PARA O PODER EXECUTIVO ESTADUAL";"N"
"994770";"PARCELA-TETO CONSTITUCIONAL";"D";"APENAS PARA O PODER EXECUTIVO ESTADUAL";"N"
"994780";"PARCELA - ADICIONAL TEMPO DE SERVICO";"D";"APENAS PARA O PODER EXECUTIVO ESTADUAL";"N"
"994790";"13.SALARIO - BENEFICIO PENSAO";"D";"APENAS PARA O PODER EXECUTIVO ESTADUAL";"N"
"994791";"13.SALARIO - BENEFICIO PENSAO MENSAL";"D";"APENAS PARA O PODER EXECUTIVO ESTADUAL";"N"
"994800";"ADIANTAMENTO 13.-BENEFICIO PENSAO";"D";"APENAS PARA O PODER EXECUTIVO ESTADUAL";"N"
"994810";"FUNCAO CONFIANCA / LC266";"D";"APENAS PARA O PODER EXECUTIVO ESTADUAL";"N"
"994811";"COMPLEMENTO COMISSÃO AGECOPA";"D";"APENAS PARA O PODER EXECUTIVO ESTADUAL";"N"
"994812";"FUNÇAO FCP LC/425";"D";"APENAS PARA O PODER EXECUTIVO ESTADUAL";"N"
"994820";"FUNCAO MILITAR / LC386";"D";"APENAS PARA O PODER EXECUTIVO ESTADUAL";"N"
"994900";"RESTITUIÇÃO DE IMPOSTO DE RENDA";"D";"APENAS PARA O PODER EXECUTIVO ESTADUAL";"N"
"995030";"VALE TRANSPORTE";"G";"APENAS PARA O PODER EXECUTIVO ESTADUAL";"N"
"995040";"FALTAS INJUSTIFICADAS";"G";"APENAS PARA O PODER EXECUTIVO ESTADUAL";"N"
"995041";"FALTAS JUSTIFICADAS GREVE";"G";"APENAS PARA O PODER EXECUTIVO ESTADUAL";"N"
"995045";"FALTAS 1/3 INJUSTIFIC";"G";"APENAS PARA O PODER EXECUTIVO ESTADUAL";"N"
"995050";"ASSIDUIDADE/PRODUTIVIDADE SEFAZ";"G";"APENAS PARA O PODER EXECUTIVO ESTADUAL";"N"
"995060";"SINDICATO DOS ESCRIVAOS DA POLICIA JUDICIARIA CIVIL-MT";"G";"APENAS PARA O PODER EXECUTIVO ESTADUAL";"N"
"995065";"FALTAS 1/6 INJUSTIFIC";"G";"APENAS PARA O PODER EXECUTIVO ESTADUAL";"N"
"995070";"FALTAS 1/2 INJUSTIFIC";"G";"APENAS PARA O PODER EXECUTIVO ESTADUAL";"N"
"601";"DEVOLUCAO DE DESCONTOS";"G";"";"N"
"100";"BANCO SEMEAR";"D";"";"N"
"101";"BENEFICIO RES. 251/94";"B";"";"N"
"102";"DIFERENCA EMENDA 47 ";"B";"";"N"
"995080";"ASSOCIACAO DOS FISCAIS DE TRIBUTOS ESTADUAIS DE MATO GROSSO";"G";"APENAS PARA O PODER EXECUTIVO ESTADUAL";"N"
"995110";"CONTRIBUICAO PREVIDENCIARIA INATIVO";"G";"APENAS PARA O PODER EXECUTIVO ESTADUAL";"N"
"995111";"CONTRIBUICAO PREVIDENCIARIA INATIVO - GRAT NATALINA";"G";"APENAS PARA O PODER EXECUTIVO ESTADUAL";"N"
"995112";"CONTRIBUICAO PREVIDENCIARIA INATIVO - ADIANT GRAT NATALINA";"G";"APENAS PARA O PODER EXECUTIVO ESTADUAL";"N"
"995113";"CONTRIB. PREV. INATIVO - GRAT NATALINA MENSAL";"G";"APENAS PARA O PODER EXECUTIVO ESTADUAL";"N"
"995120";"SEGURO BRADESCO";"G";"APENAS PARA O PODER EXECUTIVO ESTADUAL";"N"
"995160";"PENSAO ALIMENTICIA II";"G";"APENAS PARA O PODER EXECUTIVO ESTADUAL";"N"
"995170";"DESCONTO DE ADIANTAMENTO AQUISICAO UNIFORME MILITAR";"G";"APENAS PARA O PODER EXECUTIVO ESTADUAL";"N"
"995180";"CONTRIBUICAO SINDICAL";"G";"APENAS PARA O PODER EXECUTIVO ESTADUAL";"N"
"995190";"DIFERENCA A COMPENSAR - LIQUIDO NEGATIVO MES ANTERIOR";"G";"APENAS PARA O PODER EXECUTIVO ESTADUAL";"N"
"995191";"DIF. A COMPENSAR - LIQUIDO NEGATIVO GRAT NAT";"G";"APENAS PARA O PODER EXECUTIVO ESTADUAL";"N"
"995192";"DIFERENCA A COMPENSAR - LIQUIDO NEGATIVO GRAT NAT MENSAL";"G";"APENAS PARA O PODER EXECUTIVO ESTADUAL";"N"
"995193";"DIFERENCA A COMPENSAR - LIQUIDO NGTVO MES ANT. LANC. MANUAL";"G";"APENAS PARA O PODER EXECUTIVO ESTADUAL";"N"
"995200";"UNIAO NACIONAL DOS SERVIDORES PUBLICOS";"G";"APENAS PARA O PODER EXECUTIVO ESTADUAL";"N"
"995210";"SABEMI SEGURADORA S.A.";"G";"APENAS PARA O PODER EXECUTIVO ESTADUAL";"N"
"995220";"TESOURO ESTADO II";"G";"APENAS PARA O PODER EXECUTIVO ESTADUAL";"N"
"995250";"DESCONTO LICENCA TRATAMENTO DE SAUDE EM FAMILIA (LSF)";"G";"APENAS PARA O PODER EXECUTIVO ESTADUAL";"N"
"995290";"ASSOCIACAO DOS SERVIDORES DO INDEA DE MATO GROSSO";"G";"APENAS PARA O PODER EXECUTIVO ESTADUAL";"N"
"995310";"CONTRIBUICAO PREVIDENCIARIO ATIVO";"G";"APENAS PARA O PODER EXECUTIVO ESTADUAL";"N"
"995311";"CONTRIBUICAO PREVIDENCIARIO ATIVO - GRAT NAT";"G";"APENAS PARA O PODER EXECUTIVO ESTADUAL";"N"
"995312";"CONTRIBUICAO PREVIDENCIARIO ATIVO -  ADIANT GRAT NAT";"G";"APENAS PARA O PODER EXECUTIVO ESTADUAL";"N"
"995313";"CONTRIBUICAO PREVIDENCIARIO ATIVO - GRAT NAT MENSAL";"G";"APENAS PARA O PODER EXECUTIVO ESTADUAL";"N"
"995320";"INSS - GRATIFICACAO NATALINA";"G";"APENAS PARA O PODER EXECUTIVO ESTADUAL";"N"
"995330";"I.N.S.S.-PREVIDENCIA REGIME GERAL";"G";"APENAS PARA O PODER EXECUTIVO ESTADUAL";"N"
"995340";"SINDICATO DOS PROFESSORES DA REGIAO SUL-MT";"G";"APENAS PARA O PODER EXECUTIVO ESTADUAL";"N"
"995350";"COOPERATIVA CENTRAL DE CREDITO DO CENTRO NORTE DO BRASIL";"G";"APENAS PARA O PODER EXECUTIVO ESTADUAL";"N"
"995360";"ASSOCIACAO DOS SERV DO DEPART DE  ESTRADAS DE RODAGEM DE MT";"G";"APENAS PARA O PODER EXECUTIVO ESTADUAL";"N"
"995370";"SINDICATO DOS SERV PUBLICOS DA EDUCACAO PROF E TECN MT";"G";"APENAS PARA O PODER EXECUTIVO ESTADUAL";"N"
"995380";"ASSOCIACAO DE PRACAS INATIVOS PM-MT";"G";"APENAS PARA O PODER EXECUTIVO ESTADUAL";"N"
"995400";"PENSAO ALIMENTICIA";"G";"APENAS PARA O PODER EXECUTIVO ESTADUAL";"N"
"995410";"PENSAO ALIMENTÍCIA - GRATIFICACAO NATALINA";"G";"APENAS PARA O PODER EXECUTIVO ESTADUAL";"N"
"995411";"PENSAO ALIMENTÍCIA - GRATIFICACAO NATALINA MENSAL";"G";"APENAS PARA O PODER EXECUTIVO ESTADUAL";"N"
"995420";"PENSAO ALIMENTÍCIA -  ADIANT GRATIFICACAO NATALINA";"G";"APENAS PARA O PODER EXECUTIVO ESTADUAL";"N"
"995421";"PENSAO ALIMENTÍCIA -  COMPLEMENTAÇAO GRATIFICACAO NATALINA";"G";"APENAS PARA O PODER EXECUTIVO ESTADUAL";"N"
"995430";"DEBITO FAZENDA II";"G";"APENAS PARA O PODER EXECUTIVO ESTADUAL";"N"
"995440";"ASSOC.DOS FUNCIONARIOS DA SEC. DE ESTADO DE CULTURA -MT";"G";"APENAS PARA O PODER EXECUTIVO ESTADUAL";"N"
"995470";"ASSOCIACAO E GREMIO RECREATIVO CABOS E SOLDADOS-PM/MT";"G";"APENAS PARA O PODER EXECUTIVO ESTADUAL";"N"
"995490";"ASSOCIACAO DOS APOSENTADOS E PENSIONISTAS DO IPEMAT/ MS";"G";"APENAS PARA O PODER EXECUTIVO ESTADUAL";"N"
"995510";"ASSOCIACAO ESTADUAL DOS APOSENTADOS E PENSIONISTAS DE MT";"G";"APENAS PARA O PODER EXECUTIVO ESTADUAL";"N"
"995550";"DEBITO FAZENDA III";"G";"APENAS PARA O PODER EXECUTIVO ESTADUAL";"N"
"995590";"ASSOCIACAO DOS INATIVOS E PENSIONISTAS BOMBEIRO MILITAR/MT";"G";"APENAS PARA O PODER EXECUTIVO ESTADUAL";"N"
"995610";"DEBITO FAZENDA IV";"G";"APENAS PARA O PODER EXECUTIVO ESTADUAL";"N"
"995700";"ASSOCIACAO DOS SERV DA SECRETARIA DE ESTADO DE ADMINISTRACAO";"G";"APENAS PARA O PODER EXECUTIVO ESTADUAL";"N"
"995730";"ASSOC. SUBTENENTES E SARGENTOS INATIVOS E PENS./PMMT/PMMS";"G";"APENAS PARA O PODER EXECUTIVO ESTADUAL";"N"
"995750";"SINDICATO DOS SERVIDORES DE INFRAESTRUTURA DO ESTADO MT";"G";"APENAS PARA O PODER EXECUTIVO ESTADUAL";"N"
"995760";"ASSOCIACAO BENEFICIENTE DE SAUDE DOS MILITARES DO MT";"G";"APENAS PARA O PODER EXECUTIVO ESTADUAL";"N"
"995770";"CAIXA DE ASSISTENCIA DOS MILITARES DE MATO GROSSO - C.A.M.";"G";"APENAS PARA O PODER EXECUTIVO ESTADUAL";"N"
"995800";"ASSOCIACAO DOS PROCURADORES DO ESTADO DE MATO GROSSO";"G";"APENAS PARA O PODER EXECUTIVO ESTADUAL";"N"
"995810";"COOPERATIVA DE ECONOMIA E CREDITO MUTUO DOS MILITARES/MT";"G";"APENAS PARA O PODER EXECUTIVO ESTADUAL";"N"
"995820";"FINANCEIRA ALFA S.A.CREDITO, FINANCIAMENTO E INVESTIMENTOS";"G";"APENAS PARA O PODER EXECUTIVO ESTADUAL";"N"
"995860";"SINDICATO DOS SERVIDORES DO INSTITUTO DE PREVIDENCIA DE MT";"G";"APENAS PARA O PODER EXECUTIVO ESTADUAL";"N"
"995920";"SINDICATO DOS TRABALHADORES DO TRANSPORTE OFICIAL DE MT";"G";"APENAS PARA O PODER EXECUTIVO ESTADUAL";"N"
"996010";"ASSOCIACAO DOS SERV. DO CENTRO DE REABILITACAO DOM A.CORREA";"G";"APENAS PARA O PODER EXECUTIVO ESTADUAL";"N"
"996020";"ASSOCIACAO DOS SERV.  DA SECRETARIA DE SAUDE DO ESTADO DE MT";"G";"APENAS PARA O PODER EXECUTIVO ESTADUAL";"N"
"996060";"CONTRIBUICAO LEI PARTIDARIA";"G";"APENAS PARA O PODER EXECUTIVO ESTADUAL";"N"
"99996";"CONSIGNACAO BCO SUDAMERIS";"D";"APENAS PARA O PODER EXECUTIVO ESTADUAL";"N"
"9991";"CONSELHO DOS INTERESSES CONVERGENTES (CIC)";"D";"APENAS PARA O PODER EXECUTIVO ESTADUAL";"N"
"996050";"SINDICATO DOS TRAB. DO SISTEMA AGRICOLA/AGRARIO/PECUARIO-MT";"G";"APENAS PARA O PODER EXECUTIVO ESTADUAL";"N"
"996110";"SINDICATO DOS TRABALHADORES DO DETRAN DE MT";"G";"APENAS PARA O PODER EXECUTIVO ESTADUAL";"N"
"996150";"CAIXA DE PECULIO/PENSAO/MONTEPIO";"G";"APENAS PARA O PODER EXECUTIVO ESTADUAL";"N"
"996170";"CAPEMISA SEGURADORA DE VIDA S/A";"G";"APENAS PARA O PODER EXECUTIVO ESTADUAL";"N"
"996200";"SINDICATO DOS FUNCIONARIOS PUBLICOS DE SAUDE MT";"G";"APENAS PARA O PODER EXECUTIVO ESTADUAL";"N"
"996240";"SINDICATO DOS TRAB. ENTIDADE PUBLICA DO MEIO AMBIENTE DE MT";"G";"APENAS PARA O PODER EXECUTIVO ESTADUAL";"N"
"996270";"ASSOCIACAO DOS SERVIDORES DO INTERMAT";"G";"APENAS PARA O PODER EXECUTIVO ESTADUAL";"N"
"996330";"EQUATORIAL PREVIDENCIA COMPLEMENTAR";"G";"APENAS PARA O PODER EXECUTIVO ESTADUAL";"N"
"996350";"MULTA PJC - PENA DISCIPLINAR";"G";"APENAS PARA O PODER EXECUTIVO ESTADUAL";"N"
"996360";"SUSPENSAO CONVERTIDA EM MULTA";"G";"APENAS PARA O PODER EXECUTIVO ESTADUAL";"N"
"996365";"SUSPENSAO PJC LC 407";"G";"APENAS PARA O PODER EXECUTIVO ESTADUAL";"N"
"996370";"ASSOCIACAO DOS SERVIDORES DA JUNTA COMERCIAL MT";"G";"APENAS PARA O PODER EXECUTIVO ESTADUAL";"N"
"996410";"ASSOCIACAO DOS SERVIDORES DA IMPRENSA OFICIAL DE MT";"G";"APENAS PARA O PODER EXECUTIVO ESTADUAL";"N"
"996460";"ASSOCIACAO SERV. ATIVOS E INATIVOS DA SEC. DE TRANSPORTE MT";"G";"APENAS PARA O PODER EXECUTIVO ESTADUAL";"N"
"996480";"SINDICATO DOS TRABALHADORES DO ENSINO PUBLICO DE MATO GROSSO";"G";"APENAS PARA O PODER EXECUTIVO ESTADUAL";"N"
"996490";"SINDICATO DA CARREIRA DOS PROF DO SISTEMA SOCIOEDUCATIVO-MT";"G";"APENAS PARA O PODER EXECUTIVO ESTADUAL";"N"
"996500";"FEDERACAO SINDICAL DOS SERVIDORES PUBLICOS DE MT";"G";"APENAS PARA O PODER EXECUTIVO ESTADUAL";"N"
"996590";"RETENCAO TETO-GRATIFICACAO NATALINA";"G";"APENAS PARA O PODER EXECUTIVO ESTADUAL";"N"
"996591";"RETENCAO TETO-GRATIFICACAO NATALINA MENSAL";"G";"APENAS PARA O PODER EXECUTIVO ESTADUAL";"N"
"996610";"GREMIO DANIEL DE QUEIROZ";"G";"APENAS PARA O PODER EXECUTIVO ESTADUAL";"N"
"996660";"ASSOCIACAO DOS FISCAIS DE TRIBUTOS ESTADUAIS DE MT";"G";"APENAS PARA O PODER EXECUTIVO ESTADUAL";"N"
"996720";"ASSOCIACAO MATOGROSSENSE DOS PERITOS PAPILOCOPISTAS";"G";"APENAS PARA O PODER EXECUTIVO ESTADUAL";"N"
"996790";"RETENCAO EM RAZAO AO TETO";"G";"APENAS PARA O PODER EXECUTIVO ESTADUAL";"N"
"996800";"RETENCAO DECRETO 464/95";"G";"APENAS PARA O PODER EXECUTIVO ESTADUAL";"N"
"996840";"ASSOCIACAO MATOGROSSENSE DOS DELEGADOS DE POLICIA";"G";"APENAS PARA O PODER EXECUTIVO ESTADUAL";"N"
"996870";"MBM PREVIDENCIA PRIVADA";"G";"APENAS PARA O PODER EXECUTIVO ESTADUAL";"N"
"996900";"RETENCAO 30% LEI 4491/82";"G";"APENAS PARA O PODER EXECUTIVO ESTADUAL";"N"
"996910";"RETENCAO PROVISORIA / FALECIDO";"G";"APENAS PARA O PODER EXECUTIVO ESTADUAL";"N"
"996980";"ASSOCIACAO DOS POLICIAIS BOMBEIROS MILITARES DE MT";"G";"APENAS PARA O PODER EXECUTIVO ESTADUAL";"N"
"997000";"SINDICATO DOS FISCAIS DE TRIBUTOS ESTADUAIS DE MT";"G";"APENAS PARA O PODER EXECUTIVO ESTADUAL";"N"
"997050";"ASSOCIACAO DOS MILITARES INATIVOS E PENSIONISTAS DE MT";"G";"APENAS PARA O PODER EXECUTIVO ESTADUAL";"N"
"997100";"AMIL-ASSOC.DOS MILITARES ESTADUAL DE MT.";"G";"APENAS PARA O PODER EXECUTIVO ESTADUAL";"N"
"997130";"ASSOCIACAO DOS SERVIDORES PUBLICOS DE MT";"G";"APENAS PARA O PODER EXECUTIVO ESTADUAL";"N"
"997150";"ASSOCIACAO DOS OFICIAIS DA POLICIA E BOMBEIRO MILITAR DE MT";"G";"APENAS PARA O PODER EXECUTIVO ESTADUAL";"N"
"997180";"SINDICATO DOS PROFIS.TRIBUTACAO ARRECADACAO FISCALIZACAO MT";"G";"APENAS PARA O PODER EXECUTIVO ESTADUAL";"N"
"997210";"PENSAO ALIMENTICIA COMPLEMENTAR";"G";"APENAS PARA O PODER EXECUTIVO ESTADUAL";"N"
"997220";"UNIAO NACIONAL SERVIDORES PUBLICOS DOADORES DE SANGUE";"G";"APENAS PARA O PODER EXECUTIVO ESTADUAL";"N"
"997250";"ASSOCIACAO CLUBE DOS CABOS E SOLDADOS PM/MT";"G";"APENAS PARA O PODER EXECUTIVO ESTADUAL";"N"
"997280";"BANCO BMG S.A.";"G";"APENAS PARA O PODER EXECUTIVO ESTADUAL";"N"
"997290";"SINDICATO DOS AGENT.POLIC.ESCRIV.AGENT.CARCERARIO PJC";"G";"APENAS PARA O PODER EXECUTIVO ESTADUAL";"N"
"997300";"DECISAO JUDICIAL";"G";"APENAS PARA O PODER EXECUTIVO ESTADUAL";"N"
"997340";"PARANA BANCO S.A.";"G";"APENAS PARA O PODER EXECUTIVO ESTADUAL";"N"
"997350";"BANCO PAN S/A";"G";"APENAS PARA O PODER EXECUTIVO ESTADUAL";"N"
"997360";"BANCO CACIQUE S.A.";"G";"APENAS PARA O PODER EXECUTIVO ESTADUAL";"N"
"997370";"BANCO SCHAHIN S.A.";"G";"APENAS PARA O PODER EXECUTIVO ESTADUAL";"N"
"997380";"BANCO VOTORANTIM S/A";"G";"APENAS PARA O PODER EXECUTIVO ESTADUAL";"N"
"997390";"BANCO MERCANTIL DO BRASIL";"G";"APENAS PARA O PODER EXECUTIVO ESTADUAL";"N"
"997400";"CENTRO DE ASSISTENCIA AO SERVIDOR";"G";"APENAS PARA O PODER EXECUTIVO ESTADUAL";"N"
"997420";"ASSOCIACAO DOS GESTORES GOVERNAMENTAIS DE MT";"G";"APENAS PARA O PODER EXECUTIVO ESTADUAL";"N"
"997450";"PREVICORP-PREVIDENCIA PRIVADA";"G";"APENAS PARA O PODER EXECUTIVO ESTADUAL";"N"
"997480";"SOCIEDADE ASSIST.ECON. CULTURAL DOS SERVIDORES PUBLICOS";"G";"APENAS PARA O PODER EXECUTIVO ESTADUAL";"N"
"997490";"RETENCAO AO TETO-EMENDA CONSTITUCIONAL 41/03.";"G";"APENAS PARA O PODER EXECUTIVO ESTADUAL";"N"
"997510";"SOCIEDADE BENEFICIENTE DE ASSISTENCIA AO SERVIDOR PUBLICO";"G";"APENAS PARA O PODER EXECUTIVO ESTADUAL";"N"
"997520";"METTACARD ADMINISTRADORA DE CARTOES LTDA-ME";"G";"APENAS PARA O PODER EXECUTIVO ESTADUAL";"N"
"997530";"BANCO SUDAMERIS DO BRASIL S.A./SANTANDER";"G";"APENAS PARA O PODER EXECUTIVO ESTADUAL";"N"
"997540";"SUL CARD ADMINISTRADORA DE CARTOES SA PERSONAL CARD";"G";"APENAS PARA O PODER EXECUTIVO ESTADUAL";"N"
"997550";"BANCO ITAU BMG CONSIGNADO S.A.";"G";"APENAS PARA O PODER EXECUTIVO ESTADUAL";"N"
"997560";"SINDICATO DOS FISCAIS EST DE DEFESA AGROPEC E FLORESTAL-MT";"G";"APENAS PARA O PODER EXECUTIVO ESTADUAL";"N"
"997610";"PENSAO SUPLEMENTAR SANEPREVI";"G";"APENAS PARA O PODER EXECUTIVO ESTADUAL";"N"
"997620";"ASSOCIACAO DOS AUDITORES DA AUDITORIA GERAL DO MATO GROSSO";"G";"APENAS PARA O PODER EXECUTIVO ESTADUAL";"N"
"997660";"BV FINANCEIRA S.A.";"G";"APENAS PARA O PODER EXECUTIVO ESTADUAL";"N"
"997670";"BANCO DAYCOVAL";"G";"APENAS PARA O PODER EXECUTIVO ESTADUAL";"N"
"997680";"CONFEDERACAO DO SERVIDOR PUBLICO DO BRASIL";"G";"APENAS PARA O PODER EXECUTIVO ESTADUAL";"N"
"997700";"MT-SAUDE-INSTITUTO DE ASSISTENCIA SAUDE DOS SERVIDORES DE MT";"G";"APENAS PARA O PODER EXECUTIVO ESTADUAL";"N"
"997800";"PORTO SEGURO COMPANHIA DE SEGUROS GERAIS";"G";"APENAS PARA O PODER EXECUTIVO ESTADUAL";"N"
"997810";"SINDICATO DOS FISCAIS DE DEFESA DO CONSUMIDOR DE MT";"G";"APENAS PARA O PODER EXECUTIVO ESTADUAL";"N"
"997830";"BANCO ALFA S.A.";"G";"APENAS PARA O PODER EXECUTIVO ESTADUAL";"N"
"997850";"BANCO SOFISA";"G";"APENAS PARA O PODER EXECUTIVO ESTADUAL";"N"
"997860";"ASSOC SERV PUBL CARREIRA DOS PROF DE DESENV ECONOM SOCIAL MT";"G";"APENAS PARA O PODER EXECUTIVO ESTADUAL";"N"
"997870";"SINDICATO DOS TECNICOS DA EDUCACAO SUPERIOR DA UNEMAT";"G";"APENAS PARA O PODER EXECUTIVO ESTADUAL";"N"
"997900";"LEMON BANK BANCO MULTIPLO S/A";"G";"APENAS PARA O PODER EXECUTIVO ESTADUAL";"N"
"998010";"TESOURO DO ESTADO";"G";"APENAS PARA O PODER EXECUTIVO ESTADUAL";"N"
"998011";"RESTITUIÇÃO AO ERARIO POR DANO/EXTRAVIO";"G";"APENAS PARA O PODER EXECUTIVO ESTADUAL";"N"
"998012";"DIARIAS SEM PRESTACOES DE CONTAS";"G";"APENAS PARA O PODER EXECUTIVO ESTADUAL";"N"
"998013";"TESOURO CONSIG N PAGA";"G";"APENAS PARA O PODER EXECUTIVO ESTADUAL";"N"
"998014";"PAGAMENTO DE ORDEM JUDICIAL";"G";"APENAS PARA O PODER EXECUTIVO ESTADUAL";"N"
"998017";"MULTA TCE FUNDECONTAS";"G";"APENAS PARA O PODER EXECUTIVO ESTADUAL";"N"
"701";"INDENIZAÇAO GESTACIONAL";"B";"";"N"
"9992";"TRIBUNAL REGIONAL DE TRABALHO (TRT)";"D";"APENAS PARA O PODER EXECUTIVO ESTADUAL";"N"
"998015";"DEVOLUÇAO DE ADIANTAMENTO SEM PRESTAÇAO DE CONTAS";"G";"APENAS PARA O PODER EXECUTIVO ESTADUAL";"N"
"998016";"DEVOLUÇAO DE DIARIAS SEM PRESTAÇAO DE CONTAS";"G";"APENAS PARA O PODER EXECUTIVO ESTADUAL";"N"
"998018";"PAGAMENTO DE ORDEM JUDICIAL PARA FOLHA CREDITO SALARIAL";"G";"APENAS PARA O PODER EXECUTIVO ESTADUAL";"N"
"998030";"AEDP-ASSOCIACAO EDUCACIONAL PRESIDENTE DUTRA/UNIRONDON";"G";"APENAS PARA O PODER EXECUTIVO ESTADUAL";"N"
"998031";"INSTITUTO CUIABANO DE EDUCAÇÃO - ICE";"G";"APENAS PARA O PODER EXECUTIVO ESTADUAL";"N"
"998032";"MARIA GERMANO ARRUDA";"G";"APENAS PARA O PODER EXECUTIVO ESTADUAL";"N"
"998040";"AMORTIZAÇÃO CEF";"G";"APENAS PARA O PODER EXECUTIVO ESTADUAL";"N"
"998080";"SINDICATO DOS TRABALHADORES DO PODER EXECUTIVO ESTADUAL MT";"G";"APENAS PARA O PODER EXECUTIVO ESTADUAL";"N"
"998100";"UNIMED";"G";"APENAS PARA O PODER EXECUTIVO ESTADUAL";"N"
"998110";"ASSOCIACAO DOS FUNCIONARIOS DA FAZENDA DO ESTADO DE MT";"G";"APENAS PARA O PODER EXECUTIVO ESTADUAL";"N"
"998120";"HONORARIO ADVOCATICIO DO CREDITO DE ESPECILISTA DE EDUCACAO";"G";"APENAS PARA O PODER EXECUTIVO ESTADUAL";"N"
"998130";"HONORARIO ADVOCATICIO PRESTACAO SERVICOS SINPAIG";"G";"APENAS PARA O PODER EXECUTIVO ESTADUAL";"N"
"998160";"RESTITUICAO ADIANTAMENTO 13.SALARIO";"G";"APENAS PARA O PODER EXECUTIVO ESTADUAL";"N"
"998170";"TESOURO DO ESTADO-TARIFA";"G";"APENAS PARA O PODER EXECUTIVO ESTADUAL";"N"
"998180";"PECULIO SANEPREV";"G";"APENAS PARA O PODER EXECUTIVO ESTADUAL";"N"
"998190";"RESTITUICAO DE ADIANTAMENTO 13.SALARIO";"G";"APENAS PARA O PODER EXECUTIVO ESTADUAL";"N"
"998220";"BANCO SANTANDER DO BRASIL S.A.";"G";"APENAS PARA O PODER EXECUTIVO ESTADUAL";"N"
"998230";"BANCO HSBC";"G";"APENAS PARA O PODER EXECUTIVO ESTADUAL";"N"
"998240";"GREMIO RECREATIVO ESPORTIVO DOS SERVIDORES PUBLICOS";"G";"APENAS PARA O PODER EXECUTIVO ESTADUAL";"N"
"998250";"ASSOCIACAO BENEFICIENTE ASSISTENCIAL AOS SERVIDORES PUBLICOS";"G";"APENAS PARA O PODER EXECUTIVO ESTADUAL";"N"
"998260";"GREMIO NACIONAL DE ASSISTENCIA AOS SERVIDORES PUBLICOS";"G";"APENAS PARA O PODER EXECUTIVO ESTADUAL";"N"
"998300";"ASSOCIACAO MATOGROSSENSE DOS DEFENSORES PUBLICOS";"G";"APENAS PARA O PODER EXECUTIVO ESTADUAL";"N"
"998330";"GREMIO ASSISTENCIAL AO SERVIDOR PUBLICO";"G";"APENAS PARA O PODER EXECUTIVO ESTADUAL";"N"
"998340";"ASSOCIACAO ASSISTENCIAL DO SERVIDOR DO BRASIL";"G";"APENAS PARA O PODER EXECUTIVO ESTADUAL";"N"
"998350";"RS CREDITO FINANCIAMENTO E INVESTIMENTO S.A.";"G";"APENAS PARA O PODER EXECUTIVO ESTADUAL";"N"
"998390";"ASSOCIACAO DOS MEDICOS E ODONTO LEGISTAS DE MT";"G";"APENAS PARA O PODER EXECUTIVO ESTADUAL";"N"
"998400";"INTERMEDIUM CREDITO  FINANCIAMENTO E INVESTIMENTO S.A.";"G";"APENAS PARA O PODER EXECUTIVO ESTADUAL";"N"
"998580";"ASSOCIAC SARGENTOS SUBTEN E OFICIAIS ADM E ESP DA PM/BM MT";"G";"APENAS PARA O PODER EXECUTIVO ESTADUAL";"N"
"998590";"RETENCAO 30% EMENDA CONSTITUCIONAL Nº41";"G";"APENAS PARA O PODER EXECUTIVO ESTADUAL";"N"
"998630";"ASSOCIACAO NACIONAL DOS SERVIDORES PUBLICOS";"G";"APENAS PARA O PODER EXECUTIVO ESTADUAL";"N"
"998650";"MT FOMENTO";"G";"APENAS PARA O PODER EXECUTIVO ESTADUAL";"N"
"998660";"BANCO GE CAPITAL S.A.";"G";"APENAS PARA O PODER EXECUTIVO ESTADUAL";"N"
"998670";"BANCO BGN S.A.";"G";"APENAS PARA O PODER EXECUTIVO ESTADUAL";"N"
"998680";"BANCO LUSO BRASILEIRO S.A.";"G";"APENAS PARA O PODER EXECUTIVO ESTADUAL";"N"
"998690";"BANCO ITAU S.A.";"G";"APENAS PARA O PODER EXECUTIVO ESTADUAL";"N"
"998700";"ASSOCIACAO DE CABOS E SOLDADOS DA PM/BM MT";"G";"APENAS PARA O PODER EXECUTIVO ESTADUAL";"N"
"998740";"BANCO CR2 DE INVESTIMENTOS S.A.";"G";"APENAS PARA O PODER EXECUTIVO ESTADUAL";"N"
"998750";"REPOSICAO FUNDESP";"G";"APENAS PARA O PODER EXECUTIVO ESTADUAL";"N"
"998760";"DIV.RESPONSAVEIS.";"G";"APENAS PARA O PODER EXECUTIVO ESTADUAL";"N"
"998770";"DEBITO SALARIAL BENEFICIO INSS";"G";"APENAS PARA O PODER EXECUTIVO ESTADUAL";"N"
"998830";"ASSOCIACAO DOS POLICIAIS MILITARES DO NORTAO MT";"G";"APENAS PARA O PODER EXECUTIVO ESTADUAL";"N"
"998860";"ASSOCIACAO DOS AGENTES PENITENCIARIOS DE MATO GROSSO";"G";"APENAS PARA O PODER EXECUTIVO ESTADUAL";"N"
"998870";"CREFISA-CREDITO FINANCIAMENTO E INVESTIMENTO S.A.";"G";"APENAS PARA O PODER EXECUTIVO ESTADUAL";"N"
"998880";"CAIXA ECONOMICA FEDERAL";"G";"APENAS PARA O PODER EXECUTIVO ESTADUAL";"N"
"998890";"SINDICATO DOS PROFISSIONAIS DA AREA INSTRUMENTAL DE MT";"G";"APENAS PARA O PODER EXECUTIVO ESTADUAL";"N"
"999000";"REDUCAO DE REMUNERACAO";"G";"APENAS PARA O PODER EXECUTIVO ESTADUAL";"N"
"999070";"BANCO RURAL S.A.";"G";"APENAS PARA O PODER EXECUTIVO ESTADUAL";"N"
"999080";"GBOEX-GREMIO BENEFICIENTE";"G";"APENAS PARA O PODER EXECUTIVO ESTADUAL";"N"
"999120";"BANCO CRUZEIRO DO SUL S.A.";"G";"APENAS PARA O PODER EXECUTIVO ESTADUAL";"N"
"999140";"BANCO ABN AMRO REAL S.A./SANTANDER";"G";"APENAS PARA O PODER EXECUTIVO ESTADUAL";"N"
"999150";"BARIGUI CREDITO FINANCIAMENTO E INVESTIMENTO S.A.";"G";"APENAS PARA O PODER EXECUTIVO ESTADUAL";"N"
"999160";"BANCO FINASA BMC S/A";"G";"APENAS PARA O PODER EXECUTIVO ESTADUAL";"N"
"999170";"ENTIDADE NACIONAL DE ASSISTENCIA AOS SERVIDORES";"G";"APENAS PARA O PODER EXECUTIVO ESTADUAL";"N"
"999300";"BANCO BRADESCO S.A.";"G";"APENAS PARA O PODER EXECUTIVO ESTADUAL";"N"
"999360";"BANCO CREDIBEL S.A.";"G";"APENAS PARA O PODER EXECUTIVO ESTADUAL";"N"
"999400";"GREMIO DESPORTIVO OLAVO BILAC DOS SERVIDORES DO ESTADO DE MT";"G";"APENAS PARA O PODER EXECUTIVO ESTADUAL";"N"
"999440";"BOM DIA COMERCIO IMPORTACAO E EXPORTACAO LTDA";"G";"APENAS PARA O PODER EXECUTIVO ESTADUAL";"N"
"999450";"CREDITEC - SOCIEDADE DE CREDITO, FINANC, INVESTIMENTO / ITAU";"G";"APENAS PARA O PODER EXECUTIVO ESTADUAL";"N"
"999460";"BANCO ARBI";"G";"APENAS PARA O PODER EXECUTIVO ESTADUAL";"N"
"999470";"BANCO MAXIMA S.A.";"G";"APENAS PARA O PODER EXECUTIVO ESTADUAL";"N"
"999480";"BANCO ABC BRASIL S.A.";"G";"APENAS PARA O PODER EXECUTIVO ESTADUAL";"N"
"999510";"BANCO INDUSTRIAL E COMERCIAL S.A";"G";"APENAS PARA O PODER EXECUTIVO ESTADUAL";"N"
"999520";"UNIAO DE BANCOS BRASILEIROS S.A./ITAU";"G";"APENAS PARA O PODER EXECUTIVO ESTADUAL";"N"
"999530";"ASSOC SERV PUBL ATIVOS E INATIVOS FED, EST E MUNICIPAIS MT";"G";"APENAS PARA O PODER EXECUTIVO ESTADUAL";"N"
"999560";"ASSOCIACAO RECREATIVA DOS BOMBEIROS MILITARES MT";"G";"APENAS PARA O PODER EXECUTIVO ESTADUAL";"N"
"999570";"BANCO MATONE S/A";"G";"APENAS PARA O PODER EXECUTIVO ESTADUAL";"N"
"999580";"BANCO SEMEAR S.A.";"G";"APENAS PARA O PODER EXECUTIVO ESTADUAL";"N"
"999600";"SINDICATO DOS SERV. PUB. EST. DESENVOLV.ECONOMICO SOCIAL";"G";"APENAS PARA O PODER EXECUTIVO ESTADUAL";"N"
"999610";"SINDICATO DOS SERV. PUB. EST. DO ESTADO DE MATO GROSSO";"G";"APENAS PARA O PODER EXECUTIVO ESTADUAL";"N"
"999611";"SINDICATO DOS SERVIDORES PENITENCIARIOS DE MT";"G";"APENAS PARA O PODER EXECUTIVO ESTADUAL";"N"
"999620";"BRB BANCO DE BRASILIA S/A";"G";"APENAS PARA O PODER EXECUTIVO ESTADUAL";"N"
"999630";"BANCO FIBRA S.A.";"G";"APENAS PARA O PODER EXECUTIVO ESTADUAL";"N"
"999640";"BANCO MORADA S.A.";"G";"APENAS PARA O PODER EXECUTIVO ESTADUAL";"N"
"999650";"BANCO SAFRA S.A.";"G";"APENAS PARA O PODER EXECUTIVO ESTADUAL";"N"
"999660";"SINDICATO DOS PROFISSIONAIS DE ENFERMAGEM DEMATO GROSSO";"G";"APENAS PARA O PODER EXECUTIVO ESTADUAL";"N"
"999770";"ASSOCIACAO DOS SERVIDORES PUBLICOS";"G";"APENAS PARA O PODER EXECUTIVO ESTADUAL";"N"
"999780";"SOCIEDADE ASSISTENCIAL DOS SERV.PUBLIC. ESTADOS DO BRASIL";"G";"APENAS PARA O PODER EXECUTIVO ESTADUAL";"N"
"999790";"UNIAO PREVIDENCIARIA";"G";"APENAS PARA O PODER EXECUTIVO ESTADUAL";"N"
"999810";"BANCO INDUSTRIAL DO BRASIL S.A.";"G";"APENAS PARA O PODER EXECUTIVO ESTADUAL";"N"
"999820";"CLUBE VIDA SUL AMERICA DO NORTE";"G";"APENAS PARA O PODER EXECUTIVO ESTADUAL";"N"
"999830";"ASSOCIACAO DOS SERVIDORES PUBLICOS BRASILEIROS";"G";"APENAS PARA O PODER EXECUTIVO ESTADUAL";"N"
"999840";"ASSOCIACAO DOS PRACAS MILITARES DE TANGARA DA SERRA DE MT";"G";"APENAS PARA O PODER EXECUTIVO ESTADUAL";"N"
"999850";"COOPERATIVA DE ECONOMIA E CREDITO MUTUO -SEFAZ";"G";"APENAS PARA O PODER EXECUTIVO ESTADUAL";"N"
"999860";"BANCO PINE S.A.";"G";"APENAS PARA O PODER EXECUTIVO ESTADUAL";"N"
"999870";"GREMIO DE APOIO DOS MILITARES DO ESTADO DE MATO GROSSO - MT";"G";"APENAS PARA O PODER EXECUTIVO ESTADUAL";"N"
"999880";"ORDEM BRASILEIRA DE ASSISTENCIA AO SERVIDOR PUBLICO";"G";"APENAS PARA O PODER EXECUTIVO ESTADUAL";"N"
"999890";"SUL FINANCEIRA S.A.";"G";"APENAS PARA O PODER EXECUTIVO ESTADUAL";"N"
"999900";"IMPOSTO DE RENDA";"G";"APENAS PARA O PODER EXECUTIVO ESTADUAL";"N"
"999910";"ASSOCIACAO DOS SERVIDORES DA CASA CIVIL";"G";"APENAS PARA O PODER EXECUTIVO ESTADUAL";"N"
"999920";"ASSOCIACAO DOS EXAMINADORES DO DEPART ESTADUAL DE TRANSITO";"G";"APENAS PARA O PODER EXECUTIVO ESTADUAL";"N"
"999930";"YES - INSTITUTO DE ENSINO SUPERIOR SAPEZAL";"G";"APENAS PARA O PODER EXECUTIVO ESTADUAL";"N"
"999940";"DESPESAS MEDICAS/ IR";"G";"APENAS PARA O PODER EXECUTIVO ESTADUAL";"N"
"999950";"ASSOCIACAO DOS SERVIDORES EFETIVOS DA AGER - ASAGER";"G";"APENAS PARA O PODER EXECUTIVO ESTADUAL";"N"
"999970";"IMPOSTO DE RENDA R.F.- GRATIFICACAO NATALINA";"G";"APENAS PARA O PODER EXECUTIVO ESTADUAL";"N"
"999971";"IMPOSTO DE RENDA R.F.- GRATIFICACAO NATALINA MENSAL";"G";"APENAS PARA O PODER EXECUTIVO ESTADUAL";"N"
"999980";"DEVOLUCAO ERARIO LIC / INSS";"G";"APENAS PARA O PODER EXECUTIVO ESTADUAL";"N"
"998410";"ASSOCIACAO DOS SERVIDORES DA PROCURADORIA GERAL DE MT";"G";"APENAS PARA O PODER EXECUTIVO ESTADUAL";"N"
"998420";"BANCO BONSUCESSO S.A.";"G";"APENAS PARA O PODER EXECUTIVO ESTADUAL";"N"
"998430";"BANCO BONSUCESSO CONSIGNADO S.A.";"G";"APENAS PARA O PODER EXECUTIVO ESTADUAL";"N"
"998440";"COOPERATIVA DE TRABALHO ODONTOLOGICO MT";"G";"APENAS PARA O PODER EXECUTIVO ESTADUAL";"N"
"998450";"COOPERATIVA DOS PROFISSIONAIS DA CONTABILIDADE";"G";"APENAS PARA O PODER EXECUTIVO ESTADUAL";"N"
"998460";"BANCO PAULISTA S.A.";"G";"APENAS PARA O PODER EXECUTIVO ESTADUAL";"N"
"998490";"MONGERAL S.A. SEGUROS PREVIDENCIA";"G";"APENAS PARA O PODER EXECUTIVO ESTADUAL";"N"
"998500";"LECCA CREDITO, FINANCEIRO E INVEST. S/A.";"G";"APENAS PARA O PODER EXECUTIVO ESTADUAL";"N"
"998510";"ASB CREDITO FINANCIAMENTO E INVESTIMENTO S.A.";"G";"APENAS PARA O PODER EXECUTIVO ESTADUAL";"N"
"998530";"BANCO COOPERATIVO DO BRASIL";"G";"APENAS PARA O PODER EXECUTIVO ESTADUAL";"N"
"998540";"ASSOCIACAO DOS POLICIAIS MILITARES DE SINOP/MT";"G";"APENAS PARA O PODER EXECUTIVO ESTADUAL";"N"
"999981";"DEVOLUCAO POR DEPOSITO";"G";"APENAS PARA O PODER EXECUTIVO ESTADUAL";"N"
"998550";"DEBITO COM A FAZENDA";"G";"APENAS PARA O PODER EXECUTIVO ESTADUAL";"N"
"998560";"BANCO DO BRASIL";"G";"APENAS PARA O PODER EXECUTIVO ESTADUAL";"N"
"999990";"QUALQUER DESCONTO";"G";"APENAS PARA O PODER EXECUTIVO ESTADUAL";"N"
"99997";"CONSIGNACAO BCO AMRO REAL";"D";"APENAS PARA O PODER EXECUTIVO ESTADUAL";"N"
"900";"SUBSIDIO COMISSAO SERVIDOR/LC 266";"G";"APENAS PARA O PODER EXECUTIVO ESTADUAL";"N"
"920";"DESIGNACAO DE FUNCAO MILITAR";"G";"APENAS PARA O PODER EXECUTIVO ESTADUAL";"N"
"970";"FUNCAO DEDICACAO EXCLUSIVA ASSESSOR PEDAGOGICO";"G";"APENAS PARA O PODER EXECUTIVO ESTADUAL";"N"
"990";"SUBSIDIO COMISSAO";"G";"APENAS PARA O PODER EXECUTIVO ESTADUAL";"N"
"995";"SUBSIDIO COMISSAO MATERNIDADE INSS";"B";"APENAS PARA O PODER EXECUTIVO ESTADUAL";"N"
"1010";"VENCIMENTO";"G";"APENAS PARA O PODER EXECUTIVO ESTADUAL";"N"
"1015";"VANTAGEM ANTERIOR À APOSENTADORIA";"B";"APENAS PARA O PODER EXECUTIVO ESTADUAL";"N"
"1016";"CREDITO ESPECIALISTA DE EDUCAÇAO";"G";"APENAS PARA O PODER EXECUTIVO ESTADUAL";"N"
"1017";"JUROS CREDITO ESPECIALISTA DE EDUCAÇAO";"G";"APENAS PARA O PODER EXECUTIVO ESTADUAL";"N"
"1020";"PROVENTOS";"B";"APENAS PARA O PODER EXECUTIVO ESTADUAL";"N"
"1021";"PROVENTOS/ISENTO PREVIDENCIA";"B";"APENAS PARA O PODER EXECUTIVO ESTADUAL";"N"
"1030";"VENCIMENTO EM COMISSAO";"G";"APENAS PARA O PODER EXECUTIVO ESTADUAL";"N"
"1040";"SUBSIDIOS";"B";"APENAS PARA O PODER EXECUTIVO ESTADUAL";"N"
"1050";"SUBSIDIOS MATERNIDADE INSS";"B";"APENAS PARA O PODER EXECUTIVO ESTADUAL";"N"
"1070";"HORAS AULAS EXCEDENTES";"G";"APENAS PARA O PODER EXECUTIVO ESTADUAL";"N"
"1071";"HORA ATIVIDADE";"G";"APENAS PARA O PODER EXECUTIVO ESTADUAL";"N"
"1090";"GRATIFICACAO LEI COMPLEMENTAR 279/2007";"G";"APENAS PARA O PODER EXECUTIVO ESTADUAL";"N"
"1100";"GRAT L10622/17 ESTAD";"G";"APENAS PARA O PODER EXECUTIVO ESTADUAL";"N"
"1105";"GRAT L10622/17 FEDER";"G";"APENAS PARA O PODER EXECUTIVO ESTADUAL";"N"
"1110";"COMPLEMENTO REMUNERACAO/ PJC.";"G";"APENAS PARA O PODER EXECUTIVO ESTADUAL";"N"
"1130";"REEMBOLSO DESPESA DEFICIENTE";"G";"APENAS PARA O PODER EXECUTIVO ESTADUAL";"N"
"1150";"ADICIONAL TITULACAO";"G";"APENAS PARA O PODER EXECUTIVO ESTADUAL";"N"
"1160";"GRATIFICACAO CONVOCACAO MAGISTERIO";"G";"APENAS PARA O PODER EXECUTIVO ESTADUAL";"N"
"1180";"ACAO JUDICIAL-PM";"G";"APENAS PARA O PODER EXECUTIVO ESTADUAL";"N"
"1220";"REPRESENTACAO";"G";"APENAS PARA O PODER EXECUTIVO ESTADUAL";"N"
"1230";"GRATIFICACAO DEDICACAO EXCLUSIVA";"G";"APENAS PARA O PODER EXECUTIVO ESTADUAL";"N"
"1240";"GRATIFICACAO 30 POR CENTO LEI 8265";"G";"APENAS PARA O PODER EXECUTIVO ESTADUAL";"N"
"1241";"GRATIFICACAO ARTIGO 15 LC 550/2014";"G";"APENAS PARA O PODER EXECUTIVO ESTADUAL";"N"
"1245";"GRATIFICACAO LEI 8265";"G";"APENAS PARA O PODER EXECUTIVO ESTADUAL";"N"
"1250";"ACRESCIMO LEI 9684/2011";"G";"APENAS PARA O PODER EXECUTIVO ESTADUAL";"N"
"1260";"INDENIZACAO DE ATIVIDADE INSALUBRE/SUS";"G";"APENAS PARA O PODER EXECUTIVO ESTADUAL";"N"
"1261";"ADICIONAL DE INSALUBRIDADE SUS LC 441/2011";"G";"APENAS PARA O PODER EXECUTIVO ESTADUAL";"N"
"1270";"AUXILIO INVALIDEZ";"B";"APENAS PARA O PODER EXECUTIVO ESTADUAL";"N"
"1280";"SALARIO FAMILIA";"B";"APENAS PARA O PODER EXECUTIVO ESTADUAL";"N"
"1290";"REGIME PLANTAO SUS LC 441/2011";"G";"APENAS PARA O PODER EXECUTIVO ESTADUAL";"N"
"1310";"GRATIFICACAO 25";"G";"APENAS PARA O PODER EXECUTIVO ESTADUAL";"N"
"1320";"BOLSA AUXILIO";"G";"APENAS PARA O PODER EXECUTIVO ESTADUAL";"N"
"1330";"AULAS ADICIONAIS NA FUNCAO DE PROF- P E B AULAS LIVRES";"G";"APENAS PARA O PODER EXECUTIVO ESTADUAL";"N"
"1340";"DIRECAO ASSISTENCIA INTERMEDIARIA-GRUPO DE ASSESORAM DIRECAO";"G";"APENAS PARA O PODER EXECUTIVO ESTADUAL";"N"
"3";"AUXÍLIO FUNERAL";"B";"";"N"
"4";"AUXÍLIO DOENÇA";"B";"";"N"
"5";"DESCONTO INSS";"D";"";"N"
"6";"DESCONTO  IRRF";"D";"";"N"
"7";"ISSQN";"D";"";"N"
"8";"PENSÃO ALIMENTÍCIA";"D";"";"N"
"9";"CONTRIBUIÇÃO SINDICAL";"D";"";"N"
"10";"PREVIDÊNCIA MUNICIPAL";"D";"";"N"
"11";"PECÚLIO/CONTINGENCIAMENTO";"D";"";"N"
"12";"PREVIDÊNCIA PRIVADA";"D";"";"N"
"13";"AUXÍLIO ALIMENTAÇÃO";"D";"";"N"
"14";"DEVOLUÇÃO DE VALORES DIVERSOS";"D";"";"N"
"15";"PREVIDÊNCIA COMPLEMENTAR";"D";"";"N"
"16";"PARTIDO POLÍTICO";"D";"";"N"
"17";"VALE TRANSPORTE";"D";"";"N"
"18";"COMISSÃO";"G";"";"N"
"19";"HORA EXTRA";"G";"";"N"
"20";"INSALUBRIDADE";"G";"";"N"
"21";"ADICIONAL POR TEMPO DE SERVIÇO";"G";"";"S"
"22";"ADICIONAL NOTURNO";"G";"";"N"
"23";"FÉRIAS";"G";"";"N"
"24";"DÉCIMO TERCEIRO";"G";"";"N"
"25";"PERICULOSIDADE";"G";"";"S"
"26";"AJUDA DE CUSTO";"G";"";"N"
"27";"SUBSTITUIÇÕES";"G";"";"N"
"28";"SERVIÇOS EXTRAORDINÁRIOS";"G";"";"N"
"29";"PLANTÃO";"G";"";"N"
"1350";"CORRECAO  ARTIGO 147/C E";"G";"APENAS PARA O PODER EXECUTIVO ESTADUAL";"N"
"1360";"COMPL/SUBSID/ART.7 CF";"G";"APENAS PARA O PODER EXECUTIVO ESTADUAL";"N"
"1370";"VANTAGEM PESSOAL";"G";"APENAS PARA O PODER EXECUTIVO ESTADUAL";"N"
"1380";"HORA EXTRA INCORPORADA";"G";"APENAS PARA O PODER EXECUTIVO ESTADUAL";"N"
"1390";"COMPLEMENTO/LEI 9049/2008";"G";"APENAS PARA O PODER EXECUTIVO ESTADUAL";"N"
"1400";"PENSAO POR DECISAO JUDICIAL";"G";"APENAS PARA O PODER EXECUTIVO ESTADUAL";"N"
"1410";"INDENIZACAO DE  FERIAS";"G";"APENAS PARA O PODER EXECUTIVO ESTADUAL";"N"
"1411";"INDENIZACAO DE  FERIAS COMISSAO SERVIDOR";"G";"APENAS PARA O PODER EXECUTIVO ESTADUAL";"N"
"1420";"INDENIZACAO DE  FERIAS - RESCISÃO";"G";"APENAS PARA O PODER EXECUTIVO ESTADUAL";"N"
"1421";"FERIAS PROPORCIONAL - RESCISÃO";"G";"APENAS PARA O PODER EXECUTIVO ESTADUAL";"N"
"1430";"GRATIFICACAO EDUCACAO ESPECIAL";"G";"APENAS PARA O PODER EXECUTIVO ESTADUAL";"N"
"1440";"COMPLEMENTO JUDICIAL TRT CEPROMAT";"G";"APENAS PARA O PODER EXECUTIVO ESTADUAL";"N"
"1460";"GRATIFICACAO HABILITACAO PROFISSIONALPM/CBM";"G";"APENAS PARA O PODER EXECUTIVO ESTADUAL";"N"
"1540";"SUBSIDIO COMISSAO-PGE";"G";"APENAS PARA O PODER EXECUTIVO ESTADUAL";"N"
"1560";"FUNCAO INCORPORADA";"G";"APENAS PARA O PODER EXECUTIVO ESTADUAL";"N"
"30";"HORA-AULA";"G";"";"N"
"31";"AUXÍLIO MORADIA";"G";"";"N"
"32";"DEVOLUÇÃO AUXÍLIO MORADIA";"D";"";"N"
"36";"AUXÍLIO NATALIDADE";"B";"";"N"
"37";"AUXÍLIO RECLUSÃO";"B";"";"N"
"38";"AUXÍLIO CRECHE";"B";"";"N"
"39";"AUXÍLIO INVALIDEZ";"B";"";"N"
"40";"AUXÍLIO ACIDENTE";"B";"";"S"
"41";"ASSITÊNCIA PRÉ-ESCOLAR";"B";"";"N"
"42";"APOSENTADORIA POR INVALIDEZ PERMANENTE";"B";"";"S"
"43";"APOSENTADORIA COMPULSÓRIA";"B";"";"S"
"44";"APOSENTADORIA VOLUNTÁRIA POR TEMPO DE CONTRIBUIÇÃO";"B";"";"S"
"45";"PENSÃO POR MORTE";"B";"";"S"
"46";"AUXÍLIO ALIMENTAÇÃO";"B";"";"N"
"47";"COMPLEMENTO CONSTITUCIONAL";"G";"";"N"
"48";"FUNÇÕES GRATIFICADAS";"G";"";"N"
"49";"CARGOS COMISSIONADOS INCORPORADOS";"G";"";"S"
"50";"GRATIFICAÇÃO DE FINAL DE CARREIRA";"G";"";"N"
"51";"DECISÃO JUDICIAL";"G";"";"N"
"52";"SEXTA PARTE";"G";"";"S"
"53";"INCENTIVO ADICIONAL";"G";"";"N"
"54";"REPRESENTAÇÃO";"G";"";"N"
"55";"AUXÍLIO TRANSPORTE";"G";"";"N"
"56";"ABONO PERMANÊNCIA";"G";"";"N"
"57";"13º SALÁRIO (DIFERENÇA)";"G";"";"N"
"58";"FÉRIAS (DIFERENÇA)";"G";"";"N"
"59";"TETO REMUNERATÓRIO (DIFERENÇA)";"G";"";"N"
"60";"LICENÇA PRÊMIO";"G";"";"N"
"61";"FÉRIAS INDENIZADAS";"G";"";"N"
"62";"AUXÍLIO-DOENÇA";"G";"";"N"
"63";"VERBA INDENIZATÓRIA";"G";"";"N"
"64";"DIFERENÇA URV REMUNERATÓRIO";"G";"";"N"
"65";"DIFERENÇA URV INDENIZATÓRIO ";"G";"";"N"
"66";"DIFERENÇA URV JUROS";"G";"";"N"
"67";"TETO REMUNERATÓRIO (DESCONTO)";"D";"";"N"
"68";"PREVIDÊNCIA ESTADUAL";"D";"";"N"
"69";"VPNI";"G";"";"S"
"70";"CUMPRIMENTO DE MANDADOS";"G";"";"N"
"71";"FALTA (DEVOLUÇÃO)";"D";"";"N"
"98";"OUTROS DESCONTOS";"D";"";"N"
"99";"OUTRAS GRATIFICAÇÕES";"G";"";"N"
"1610";"ADICIONAL RISCO DE SAUDE";"G";"APENAS PARA O PODER EXECUTIVO ESTADUAL";"N"
"1640";"ADICIONAL REFORMA";"G";"APENAS PARA O PODER EXECUTIVO ESTADUAL";"N"
"1650";"INDENIZACAO DE LICENCA PREMIO";"G";"APENAS PARA O PODER EXECUTIVO ESTADUAL";"N"
"1655";"VERBA INDENIZ LC 550/14";"G";"APENAS PARA O PODER EXECUTIVO ESTADUAL";"N"
"1660";"FUNCAO DE DEDICACAO EXCLUSIVA COORDENADOR PEDAGOGICO";"G";"APENAS PARA O PODER EXECUTIVO ESTADUAL";"N"
"1680";"INDENIZACAO EXTINCAO CONTRATO DECRETO 914";"G";"APENAS PARA O PODER EXECUTIVO ESTADUAL";"N"
"1681";"INDENIZAÇAO GESTACIONAL";"B";"APENAS PARA O PODER EXECUTIVO ESTADUAL";"N"
"1682";"INDENIZAÇÃO ESTAB PROVISORIA";"B";"APENAS PARA O PODER EXECUTIVO ESTADUAL";"N"
"1750";"AUXILIO MORADIA";"G";"APENAS PARA O PODER EXECUTIVO ESTADUAL";"N"
"524";"APRALE - ASSOCIAÇÃO DOS PROCURADORES DA ALMT";"D";"";"N"
"99998";"CONSIG BANCO DO BRASIL";"D";"APENAS PARA O PODER EXECUTIVO ESTADUAL";"N"
"1700";"ADICIONAL FINAL CARREIRA";"G";"APENAS PARA O PODER EXECUTIVO ESTADUAL";"N"
"1710";"AULAS ADICIONAIS-SEDUC";"G";"APENAS PARA O PODER EXECUTIVO ESTADUAL";"N"
"1730";"REPRESENTACAO DE COMANDO";"G";"APENAS PARA O PODER EXECUTIVO ESTADUAL";"N"
"1740";"AUXILIO NATALIDADE PM/BM";"B";"APENAS PARA O PODER EXECUTIVO ESTADUAL";"N"
"1760";"INDENIZACAO TRANSPORTE";"G";"APENAS PARA O PODER EXECUTIVO ESTADUAL";"N"
"1780";"SUBSIDIO FUNCAO-UNEMAT";"G";"APENAS PARA O PODER EXECUTIVO ESTADUAL";"N"
"1800";"FUNCAO GRATIFICAO DIRETOR";"G";"APENAS PARA O PODER EXECUTIVO ESTADUAL";"N"
"1820";"ADICIONAL SERVICO EXTRAORDINARIO";"G";"APENAS PARA O PODER EXECUTIVO ESTADUAL";"N"
"1821";"JORNADA EXTRA";"G";"APENAS PARA O PODER EXECUTIVO ESTADUAL";"N"
"1822";"JORNADA SERVICO VOLUNTARIO PM";"G";"APENAS PARA O PODER EXECUTIVO ESTADUAL";"N"
"1823";"JORNADA EXTRA LC586";"G";"APENAS PARA O PODER EXECUTIVO ESTADUAL";"N"
"1830";"SUBSIDIO FUNCAO-FUNEMT";"G";"APENAS PARA O PODER EXECUTIVO ESTADUAL";"N"
"1835";"FUNCAO UNEMAT";"G";"APENAS PARA O PODER EXECUTIVO ESTADUAL";"N"
"1940";"AUXILIO UNIFORME PM/BM";"G";"APENAS PARA O PODER EXECUTIVO ESTADUAL";"N"
"1950";"GRATIFICACAO PRODUTIVIDADE/DEDICACAO PLENA";"G";"APENAS PARA O PODER EXECUTIVO ESTADUAL";"N"
"1980";"FUNCAO JARI-MT";"G";"APENAS PARA O PODER EXECUTIVO ESTADUAL";"N"
"2010";"CREDITO SALARIAL-JUROS";"G";"APENAS PARA O PODER EXECUTIVO ESTADUAL";"N"
"2015";"CREDITO AMORTIZACAO CAIXA ECONOMICA FEDERAL S/IR";"G";"APENAS PARA O PODER EXECUTIVO ESTADUAL";"N"
"2020";"CREDITO SALARIAL-ATS";"G";"APENAS PARA O PODER EXECUTIVO ESTADUAL";"N"
"2025";"CREDITO AMORTIZACAO CAIXA ECONOMICA FEDERAL C/ IR";"G";"APENAS PARA O PODER EXECUTIVO ESTADUAL";"N"
"2030";"CREDITO SALARIAL-TETO";"G";"APENAS PARA O PODER EXECUTIVO ESTADUAL";"N"
"2050";"ETAPA ALIMENTACAO";"B";"APENAS PARA O PODER EXECUTIVO ESTADUAL";"N"
"2070";"SUBSIDIO FUNCAO-INTERMAT";"G";"APENAS PARA O PODER EXECUTIVO ESTADUAL";"N"
"2080";"CREDITO VENCIMENTO RETROATIVO";"B";"APENAS PARA O PODER EXECUTIVO ESTADUAL";"N"
"2081";"CREDITO VENCIMENTO RETROATIVO-IR";"B";"APENAS PARA O PODER EXECUTIVO ESTADUAL";"N"
"2090";"DIRECAO ASSESSORAMENTO SUPERIOR-REPRESENTACAO UNICA";"G";"APENAS PARA O PODER EXECUTIVO ESTADUAL";"N"
"2100";"AJUDA DE CUSTO/MUDANCA";"G";"APENAS PARA O PODER EXECUTIVO ESTADUAL";"N"
"2110";"COMPLEMENTO CONSTITUCIONAL-L7705";"G";"APENAS PARA O PODER EXECUTIVO ESTADUAL";"N"
"2120";"BENEFICIO DE PENSAO";"B";"APENAS PARA O PODER EXECUTIVO ESTADUAL";"N"
"2130";"PARCELA-VENCIMENTO RETROATIVO";"B";"APENAS PARA O PODER EXECUTIVO ESTADUAL";"N"
"2150";"GRATIFICACAO ESPECIALIDADE";"G";"APENAS PARA O PODER EXECUTIVO ESTADUAL";"N"
"2160";"CREDITO-DECISAO JUDICIAL";"G";"APENAS PARA O PODER EXECUTIVO ESTADUAL";"N"
"2170";"FUNCAO CONSELHO PENITENCIARIO";"G";"APENAS PARA O PODER EXECUTIVO ESTADUAL";"N"
"2230";"PECULIO SANEPREV";"G";"APENAS PARA O PODER EXECUTIVO ESTADUAL";"N"
"2240";"BENEFICIARIO DE PENSAO ESPECIAL";"B";"APENAS PARA O PODER EXECUTIVO ESTADUAL";"N"
"2270";"GRATIFICACAO MAGISTERIO";"G";"APENAS PARA O PODER EXECUTIVO ESTADUAL";"N"
"2290";"GRATIFICACAO DE INCENTIVO DE APRIMORAMENTO A DOCENCIA-PEB";"G";"APENAS PARA O PODER EXECUTIVO ESTADUAL";"N"
"2310";"ABONO CONTRIBUICAO PREVIDENCIARIA";"G";"APENAS PARA O PODER EXECUTIVO ESTADUAL";"N"
"2311";"ABONO CONTRIBUICAO PREVIDENCIARIA - GRAT NAT";"G";"APENAS PARA O PODER EXECUTIVO ESTADUAL";"N"
"2312";"ABONO CONTRIBUICAO PREVIDENCIARIA - GRAT NAT MENSAL";"G";"APENAS PARA O PODER EXECUTIVO ESTADUAL";"N"
"2315";"ABONO CONTRIBUICAO PREVIDENCIARIA GRAT NAT";"G";"APENAS PARA O PODER EXECUTIVO ESTADUAL";"N"
"2320";"ADIANTAMENTO AQUISICAO UNIFORME/PM-BM";"G";"APENAS PARA O PODER EXECUTIVO ESTADUAL";"N"
"2360";"ABONO SALARIAL";"G";"APENAS PARA O PODER EXECUTIVO ESTADUAL";"N"
"2370";"COMPLEMENTO CONSTITUCIONAL";"G";"APENAS PARA O PODER EXECUTIVO ESTADUAL";"N"
"2390";"FUNCAO DEDICACAO EXCLUSIVA DIRETOR DE ESCOLA/PEB";"G";"APENAS PARA O PODER EXECUTIVO ESTADUAL";"N"
"2410";"FUNCAO DEDICACAO EXCLUSIVA SECRETARIO DE ESCOLA/PEB";"G";"APENAS PARA O PODER EXECUTIVO ESTADUAL";"N"
"2420";"J E T O N";"G";"APENAS PARA O PODER EXECUTIVO ESTADUAL";"N"
"2450";"GRATIFICACAO DE COMISSAO";"G";"APENAS PARA O PODER EXECUTIVO ESTADUAL";"N"
"2480";"GRATIFICACAO SISTEMA PRISIONAL E SOCIO EDUCATIVO";"G";"APENAS PARA O PODER EXECUTIVO ESTADUAL";"N"
"2490";"ADICIONAL DE FERIAS";"G";"APENAS PARA O PODER EXECUTIVO ESTADUAL";"N"
"2491";"ADICIONAL DE FERIAS - RESCISÃO";"G";"APENAS PARA O PODER EXECUTIVO ESTADUAL";"N"
"2492";"ADICIONAL DE FERIAS INDENIZADAS";"G";"APENAS PARA O PODER EXECUTIVO ESTADUAL";"N"
"2500";"ABONO PECUNIARIO";"G";"APENAS PARA O PODER EXECUTIVO ESTADUAL";"N"
"2530";"ADICIONAL NOTURNO";"G";"APENAS PARA O PODER EXECUTIVO ESTADUAL";"N"
"2540";"ACAO JUDICIAL";"G";"APENAS PARA O PODER EXECUTIVO ESTADUAL";"N"
"2550";"TITULO JULGADO INCORPORADO 61 MS 37063/2005";"G";"APENAS PARA O PODER EXECUTIVO ESTADUAL";"N"
"2640";"GRATIFICACAO LOCALIDADE ESPECIAL";"G";"APENAS PARA O PODER EXECUTIVO ESTADUAL";"N"
"2750";"ADIANTAMENTO DE FERIAS";"G";"APENAS PARA O PODER EXECUTIVO ESTADUAL";"N"
"2800";"PRODUTIVIDADE";"G";"APENAS PARA O PODER EXECUTIVO ESTADUAL";"N"
"2820";"COTAS APOSENTADO /TAF.";"G";"APENAS PARA O PODER EXECUTIVO ESTADUAL";"N"
"2870";"ADIANTAMENTO GRATIFICACAO NATALINA";"G";"APENAS PARA O PODER EXECUTIVO ESTADUAL";"N"
"3000";"ADICIONAL PERICULOSIDADE";"G";"APENAS PARA O PODER EXECUTIVO ESTADUAL";"N"
"3010";"GRATIFICACAO EXERCICIO DIRECAO OPERACIONAL";"G";"APENAS PARA O PODER EXECUTIVO ESTADUAL";"N"
"3080";"SUBSIDIO REGIME INTEGRAL";"G";"APENAS PARA O PODER EXECUTIVO ESTADUAL";"N"
"3090";"RENDA/MENSAL/BRUTA";"B";"APENAS PARA O PODER EXECUTIVO ESTADUAL";"N"
"3110";"ADICIONAL TEMPO SERVICO";"G";"APENAS PARA O PODER EXECUTIVO ESTADUAL";"N"
"3120";"GRATIFICACAO PRESIDENTE CONSELHO EST. EDUCACAO";"G";"APENAS PARA O PODER EXECUTIVO ESTADUAL";"N"
"3140";"PECULIO SANEPREVI";"G";"APENAS PARA O PODER EXECUTIVO ESTADUAL";"N"
"3920";"ADICIONAL INSALUBRIDADE";"G";"APENAS PARA O PODER EXECUTIVO ESTADUAL";"N"
"4000";"PENSAO ALIMENTICIA";"G";"APENAS PARA O PODER EXECUTIVO ESTADUAL";"N"
"4010";"ADIANTAMENTO LIQUIDO NEGATIVO";"G";"APENAS PARA O PODER EXECUTIVO ESTADUAL";"N"
"4011";"ADIANTAMENTO LIQUIDO NEGATIVO GRAT NAT MENSAL";"G";"APENAS PARA O PODER EXECUTIVO ESTADUAL";"N"
"4060";"COMPLEMENTO SUBSIDIO/MS 233/2001";"G";"APENAS PARA O PODER EXECUTIVO ESTADUAL";"N"
"4550";"ADIANTAMENTO DE FERIAS";"G";"APENAS PARA O PODER EXECUTIVO ESTADUAL";"N"
"4590";"GRATIFICACAO NATALINA CONTRATOS TEMPORARIOS";"G";"APENAS PARA O PODER EXECUTIVO ESTADUAL";"N"
"4600";"GRATIFICACAO NATALINA LC 4/90.";"G";"APENAS PARA O PODER EXECUTIVO ESTADUAL";"N"
"4601";"GRATIFICACAO NATALINA LC 4/90 MENSAL";"G";"APENAS PARA O PODER EXECUTIVO ESTADUAL";"N"
"4610";"GRATIFICACAO NATALINA LC 4/90. - RESCISÃO";"G";"APENAS PARA O PODER EXECUTIVO ESTADUAL";"N"
"4611";"GRATIFICACAO NATALINA LC 4/90. - RESCISÃO(CALC AUTOMATICO)";"G";"APENAS PARA O PODER EXECUTIVO ESTADUAL";"N"
"4620";"GRATIFICACAO NATALINA FUNDEF";"G";"APENAS PARA O PODER EXECUTIVO ESTADUAL";"N"
"4630";"PASEP ABONO/RENDIMENTO";"G";"APENAS PARA O PODER EXECUTIVO ESTADUAL";"N"
"4640";"RESTITUIÇÃO PENSÃO ALIMENTÍCIA";"G";"APENAS PARA O PODER EXECUTIVO ESTADUAL";"N"
"4710";"PENSAO SUPLEMENTAR SANEPREVI";"B";"APENAS PARA O PODER EXECUTIVO ESTADUAL";"N"
"4750";"PARCELA - JUROS";"G";"APENAS PARA O PODER EXECUTIVO ESTADUAL";"N"
"4760";"PARCELA - GRUPO TAF";"G";"APENAS PARA O PODER EXECUTIVO ESTADUAL";"N"
"4770";"PARCELA-TETO CONSTITUCIONAL";"G";"APENAS PARA O PODER EXECUTIVO ESTADUAL";"N"
"4780";"PARCELA - ADICIONAL TEMPO DE SERVICO";"G";"APENAS PARA O PODER EXECUTIVO ESTADUAL";"N"
"8100";"UNIMED";"D";"APENAS PARA O PODER EXECUTIVO ESTADUAL";"N"
"511";"MT SAUDE ESPECIAL";"D";"";"N"
"512";"MT SAUDE ODONTO";"D";"";"N"
"513";"MT SAUDE PADRAO";"D";"";"N"
"514";"UNIMED - CO PARTICIPACAO";"D";"";"N"
"515";"UNIMED - MENSALIDADE";"D";"";"N"
"4790";"13.SALARIO - BENEFICIO PENSAO";"B";"APENAS PARA O PODER EXECUTIVO ESTADUAL";"N"
"4791";"13.SALARIO - BENEFICIO PENSAO MENSAL";"B";"APENAS PARA O PODER EXECUTIVO ESTADUAL";"N"
"4800";"ADIANTAMENTO 13.-BENEFICIO PENSAO";"B";"APENAS PARA O PODER EXECUTIVO ESTADUAL";"N"
"4810";"FUNCAO CONFIANCA / LC266";"G";"APENAS PARA O PODER EXECUTIVO ESTADUAL";"N"
"4811";"COMPLEMENTO COMISSÃO AGECOPA";"G";"APENAS PARA O PODER EXECUTIVO ESTADUAL";"N"
"4812";"FUNÇAO FCP LC/425";"G";"APENAS PARA O PODER EXECUTIVO ESTADUAL";"N"
"4820";"FUNCAO MILITAR / LC386";"G";"APENAS PARA O PODER EXECUTIVO ESTADUAL";"N"
"4900";"RESTITUIÇÃO DE IMPOSTO DE RENDA";"G";"APENAS PARA O PODER EXECUTIVO ESTADUAL";"N"
"5040";"FALTAS INJUSTIFICADAS";"D";"APENAS PARA O PODER EXECUTIVO ESTADUAL";"N"
"5041";"FALTAS JUSTIFICADAS GREVE";"D";"APENAS PARA O PODER EXECUTIVO ESTADUAL";"N"
"5045";"FALTAS 1/3 INJUSTIFIC";"D";"APENAS PARA O PODER EXECUTIVO ESTADUAL";"N"
"5050";"ASSIDUIDADE/PRODUTIVIDADE SEFAZ";"D";"APENAS PARA O PODER EXECUTIVO ESTADUAL";"N"
"5060";"SINDICATO DOS ESCRIVAOS DA POLICIA JUDICIARIA CIVIL-MT";"D";"APENAS PARA O PODER EXECUTIVO ESTADUAL";"N"
"5065";"FALTAS 1/6 INJUSTIFIC";"D";"APENAS PARA O PODER EXECUTIVO ESTADUAL";"N"
"5070";"FALTAS 1/2 INJUSTIFIC";"D";"APENAS PARA O PODER EXECUTIVO ESTADUAL";"N"
"5080";"ASSOCIACAO DOS FISCAIS DE TRIBUTOS ESTADUAIS DE MATO GROSSO";"D";"APENAS PARA O PODER EXECUTIVO ESTADUAL";"N"
"5110";"CONTRIBUICAO PREVIDENCIARIA INATIVO";"D";"APENAS PARA O PODER EXECUTIVO ESTADUAL";"N"
"5111";"CONTRIBUICAO PREVIDENCIARIA INATIVO - GRAT NATALINA";"D";"APENAS PARA O PODER EXECUTIVO ESTADUAL";"N"
"5112";"CONTRIBUICAO PREVIDENCIARIA INATIVO - ADIANT GRAT NATALINA";"D";"APENAS PARA O PODER EXECUTIVO ESTADUAL";"N"
"5113";"CONTRIB. PREV. INATIVO - GRAT NATALINA MENSAL";"D";"APENAS PARA O PODER EXECUTIVO ESTADUAL";"N"
"5120";"SEGURO BRADESCO";"D";"APENAS PARA O PODER EXECUTIVO ESTADUAL";"N"
"5160";"PENSAO ALIMENTICIA II";"D";"APENAS PARA O PODER EXECUTIVO ESTADUAL";"N"
"5170";"DESCONTO DE ADIANTAMENTO AQUISICAO UNIFORME MILITAR";"D";"APENAS PARA O PODER EXECUTIVO ESTADUAL";"N"
"5180";"CONTRIBUICAO SINDICAL";"D";"APENAS PARA O PODER EXECUTIVO ESTADUAL";"N"
"5190";"DIFERENCA A COMPENSAR - LIQUIDO NEGATIVO MES ANTERIOR";"D";"APENAS PARA O PODER EXECUTIVO ESTADUAL";"N"
"5191";"DIF. A COMPENSAR - LIQUIDO NEGATIVO GRAT NAT";"D";"APENAS PARA O PODER EXECUTIVO ESTADUAL";"N"
"5192";"DIFERENCA A COMPENSAR - LIQUIDO NEGATIVO GRAT NAT MENSAL";"D";"APENAS PARA O PODER EXECUTIVO ESTADUAL";"N"
"5193";"DIFERENCA A COMPENSAR - LIQUIDO NGTVO MES ANT. LANC. MANUAL";"D";"APENAS PARA O PODER EXECUTIVO ESTADUAL";"N"
"5200";"UNIAO NACIONAL DOS SERVIDORES PUBLICOS";"D";"APENAS PARA O PODER EXECUTIVO ESTADUAL";"N"
"5210";"SABEMI SEGURADORA S.A.";"D";"APENAS PARA O PODER EXECUTIVO ESTADUAL";"N"
"5220";"TESOURO ESTADO II";"D";"APENAS PARA O PODER EXECUTIVO ESTADUAL";"N"
"5250";"DESCONTO LICENCA TRATAMENTO DE SAUDE EM FAMILIA (LSF)";"D";"APENAS PARA O PODER EXECUTIVO ESTADUAL";"N"
"5290";"ASSOCIACAO DOS SERVIDORES DO INDEA DE MATO GROSSO";"D";"APENAS PARA O PODER EXECUTIVO ESTADUAL";"N"
"5310";"CONTRIBUICAO PREVIDENCIARIO ATIVO";"D";"APENAS PARA O PODER EXECUTIVO ESTADUAL";"N"
"5311";"CONTRIBUICAO PREVIDENCIARIO ATIVO - GRAT NAT";"D";"APENAS PARA O PODER EXECUTIVO ESTADUAL";"N"
"5312";"CONTRIBUICAO PREVIDENCIARIO ATIVO -  ADIANT GRAT NAT";"D";"APENAS PARA O PODER EXECUTIVO ESTADUAL";"N"
"5313";"CONTRIBUICAO PREVIDENCIARIO ATIVO - GRAT NAT MENSAL";"D";"APENAS PARA O PODER EXECUTIVO ESTADUAL";"N"
"5320";"INSS - GRATIFICACAO NATALINA";"D";"APENAS PARA O PODER EXECUTIVO ESTADUAL";"N"
"5330";"I.N.S.S.-PREVIDENCIA REGIME GERAL";"D";"APENAS PARA O PODER EXECUTIVO ESTADUAL";"N"
"5340";"SINDICATO DOS PROFESSORES DA REGIAO SUL-MT";"D";"APENAS PARA O PODER EXECUTIVO ESTADUAL";"N"
"5350";"COOPERATIVA CENTRAL DE CREDITO DO CENTRO NORTE DO BRASIL";"D";"APENAS PARA O PODER EXECUTIVO ESTADUAL";"N"
"5360";"ASSOCIACAO DOS SERV DO DEPART DE  ESTRADAS DE RODAGEM DE MT";"D";"APENAS PARA O PODER EXECUTIVO ESTADUAL";"N"
"5370";"SINDICATO DOS SERV PUBLICOS DA EDUCACAO PROF E TECN MT";"D";"APENAS PARA O PODER EXECUTIVO ESTADUAL";"N"
"5380";"ASSOCIACAO DE PRACAS INATIVOS PM-MT";"D";"APENAS PARA O PODER EXECUTIVO ESTADUAL";"N"
"5400";"PENSAO ALIMENTICIA";"D";"APENAS PARA O PODER EXECUTIVO ESTADUAL";"N"
"5410";"PENSAO ALIMENTÍCIA - GRATIFICACAO NATALINA";"D";"APENAS PARA O PODER EXECUTIVO ESTADUAL";"N"
"5411";"PENSAO ALIMENTÍCIA - GRATIFICACAO NATALINA MENSAL";"D";"APENAS PARA O PODER EXECUTIVO ESTADUAL";"N"
"5420";"PENSAO ALIMENTÍCIA -  ADIANT GRATIFICACAO NATALINA";"D";"APENAS PARA O PODER EXECUTIVO ESTADUAL";"N"
"5421";"PENSAO ALIMENTÍCIA -  COMPLEMENTAÇAO GRATIFICACAO NATALINA";"D";"APENAS PARA O PODER EXECUTIVO ESTADUAL";"N"
"5430";"DEBITO FAZENDA II";"D";"APENAS PARA O PODER EXECUTIVO ESTADUAL";"N"
"5440";"ASSOC.DOS FUNCIONARIOS DA SEC. DE ESTADO DE CULTURA -MT";"D";"APENAS PARA O PODER EXECUTIVO ESTADUAL";"N"
"5470";"ASSOCIACAO E GREMIO RECREATIVO CABOS E SOLDADOS-PM/MT";"D";"APENAS PARA O PODER EXECUTIVO ESTADUAL";"N"
"5490";"ASSOCIACAO DOS APOSENTADOS E PENSIONISTAS DO IPEMAT/ MS";"D";"APENAS PARA O PODER EXECUTIVO ESTADUAL";"N"
"5510";"ASSOCIACAO ESTADUAL DOS APOSENTADOS E PENSIONISTAS DE MT";"D";"APENAS PARA O PODER EXECUTIVO ESTADUAL";"N"
"5550";"DEBITO FAZENDA III";"D";"APENAS PARA O PODER EXECUTIVO ESTADUAL";"N"
"5590";"ASSOCIACAO DOS INATIVOS E PENSIONISTAS BOMBEIRO MILITAR/MT";"D";"APENAS PARA O PODER EXECUTIVO ESTADUAL";"N"
"5610";"DEBITO FAZENDA IV";"D";"APENAS PARA O PODER EXECUTIVO ESTADUAL";"N"
"5700";"ASSOCIACAO DOS SERV DA SECRETARIA DE ESTADO DE ADMINISTRACAO";"D";"APENAS PARA O PODER EXECUTIVO ESTADUAL";"N"
"5730";"ASSOC. SUBTENENTES E SARGENTOS INATIVOS E PENS./PMMT/PMMS";"D";"APENAS PARA O PODER EXECUTIVO ESTADUAL";"N"
"5750";"SINDICATO DOS SERVIDORES DE INFRAESTRUTURA DO ESTADO MT";"D";"APENAS PARA O PODER EXECUTIVO ESTADUAL";"N"
"5760";"ASSOCIACAO BENEFICIENTE DE SAUDE DOS MILITARES DO MT";"D";"APENAS PARA O PODER EXECUTIVO ESTADUAL";"N"
"5770";"CAIXA DE ASSISTENCIA DOS MILITARES DE MATO GROSSO - C.A.M.";"D";"APENAS PARA O PODER EXECUTIVO ESTADUAL";"N"
"5800";"ASSOCIACAO DOS PROCURADORES DO ESTADO DE MATO GROSSO";"D";"APENAS PARA O PODER EXECUTIVO ESTADUAL";"N"
"5810";"COOPERATIVA DE ECONOMIA E CREDITO MUTUO DOS MILITARES/MT";"D";"APENAS PARA O PODER EXECUTIVO ESTADUAL";"N"
"5820";"FINANCEIRA ALFA S.A.CREDITO, FINANCIAMENTO E INVESTIMENTOS";"D";"APENAS PARA O PODER EXECUTIVO ESTADUAL";"N"
"5860";"SINDICATO DOS SERVIDORES DO INSTITUTO DE PREVIDENCIA DE MT";"D";"APENAS PARA O PODER EXECUTIVO ESTADUAL";"N"
"5920";"SINDICATO DOS TRABALHADORES DO TRANSPORTE OFICIAL DE MT";"D";"APENAS PARA O PODER EXECUTIVO ESTADUAL";"N"
"6010";"ASSOCIACAO DOS SERV. DO CENTRO DE REABILITACAO DOM A.CORREA";"D";"APENAS PARA O PODER EXECUTIVO ESTADUAL";"N"
"6020";"ASSOCIACAO DOS SERV.  DA SECRETARIA DE SAUDE DO ESTADO DE MT";"D";"APENAS PARA O PODER EXECUTIVO ESTADUAL";"N"
"6050";"SINDICATO DOS TRAB. DO SISTEMA AGRICOLA/AGRARIO/PECUARIO-MT";"D";"APENAS PARA O PODER EXECUTIVO ESTADUAL";"N"
"6060";"CONTRIBUICAO LEI PARTIDARIA";"D";"APENAS PARA O PODER EXECUTIVO ESTADUAL";"N"
"6110";"SINDICATO DOS TRABALHADORES DO DETRAN DE MT";"D";"APENAS PARA O PODER EXECUTIVO ESTADUAL";"N"
"6150";"CAIXA DE PECULIO/PENSAO/MONTEPIO";"D";"APENAS PARA O PODER EXECUTIVO ESTADUAL";"N"
"6170";"CAPEMISA SEGURADORA DE VIDA S/A";"D";"APENAS PARA O PODER EXECUTIVO ESTADUAL";"N"
"6200";"SINDICATO DOS FUNCIONARIOS PUBLICOS DE SAUDE MT";"D";"APENAS PARA O PODER EXECUTIVO ESTADUAL";"N"
"516";"RETENCAO SERVIDOR A DISPOSICAO - REPASSE";"D";"";"N"
"517";"ASSALMAT - ASSOCIAÇÃO";"D";"";"N"
"518";"ASLEM - ASSOCIAÇÃO";"D";"";"N"
"519";"DESCONTO DETERMINACAO JUDICIAL";"D";"";"N"
"6240";"SINDICATO DOS TRAB. ENTIDADE PUBLICA DO MEIO AMBIENTE DE MT";"D";"APENAS PARA O PODER EXECUTIVO ESTADUAL";"N"
"6270";"ASSOCIACAO DOS SERVIDORES DO INTERMAT";"D";"APENAS PARA O PODER EXECUTIVO ESTADUAL";"N"
"6330";"EQUATORIAL PREVIDENCIA COMPLEMENTAR";"D";"APENAS PARA O PODER EXECUTIVO ESTADUAL";"N"
"6350";"MULTA PJC - PENA DISCIPLINAR";"D";"APENAS PARA O PODER EXECUTIVO ESTADUAL";"N"
"6360";"SUSPENSAO CONVERTIDA EM MULTA";"D";"APENAS PARA O PODER EXECUTIVO ESTADUAL";"N"
"6365";"SUSPENSAO PJC LC 407";"D";"APENAS PARA O PODER EXECUTIVO ESTADUAL";"N"
"6370";"ASSOCIACAO DOS SERVIDORES DA JUNTA COMERCIAL MT";"D";"APENAS PARA O PODER EXECUTIVO ESTADUAL";"N"
"6410";"ASSOCIACAO DOS SERVIDORES DA IMPRENSA OFICIAL DE MT";"D";"APENAS PARA O PODER EXECUTIVO ESTADUAL";"N"
"6460";"ASSOCIACAO SERV. ATIVOS E INATIVOS DA SEC. DE TRANSPORTE MT";"D";"APENAS PARA O PODER EXECUTIVO ESTADUAL";"N"
"5030";"VALE TRANSPORTE";"D";"APENAS PARA O PODER EXECUTIVO ESTADUAL";"N"
"6480";"SINDICATO DOS TRABALHADORES DO ENSINO PUBLICO DE MATO GROSSO";"D";"APENAS PARA O PODER EXECUTIVO ESTADUAL";"N"
"6490";"SINDICATO DA CARREIRA DOS PROF DO SISTEMA SOCIOEDUCATIVO-MT";"D";"APENAS PARA O PODER EXECUTIVO ESTADUAL";"N"
"6500";"FEDERACAO SINDICAL DOS SERVIDORES PUBLICOS DE MT";"D";"APENAS PARA O PODER EXECUTIVO ESTADUAL";"N"
"6590";"RETENCAO TETO-GRATIFICACAO NATALINA";"D";"APENAS PARA O PODER EXECUTIVO ESTADUAL";"N"
"6591";"RETENCAO TETO-GRATIFICACAO NATALINA MENSAL";"D";"APENAS PARA O PODER EXECUTIVO ESTADUAL";"N"
"6610";"GREMIO DANIEL DE QUEIROZ";"D";"APENAS PARA O PODER EXECUTIVO ESTADUAL";"N"
"6660";"ASSOCIACAO DOS FISCAIS DE TRIBUTOS ESTADUAIS DE MT";"D";"APENAS PARA O PODER EXECUTIVO ESTADUAL";"N"
"6720";"ASSOCIACAO MATOGROSSENSE DOS PERITOS PAPILOCOPISTAS";"D";"APENAS PARA O PODER EXECUTIVO ESTADUAL";"N"
"6790";"RETENCAO EM RAZAO AO TETO";"D";"APENAS PARA O PODER EXECUTIVO ESTADUAL";"N"
"6800";"RETENCAO DECRETO 464/95";"D";"APENAS PARA O PODER EXECUTIVO ESTADUAL";"N"
"6840";"ASSOCIACAO MATOGROSSENSE DOS DELEGADOS DE POLICIA";"D";"APENAS PARA O PODER EXECUTIVO ESTADUAL";"N"
"6870";"MBM PREVIDENCIA PRIVADA";"D";"APENAS PARA O PODER EXECUTIVO ESTADUAL";"N"
"6900";"RETENCAO 30% LEI 4491/82";"D";"APENAS PARA O PODER EXECUTIVO ESTADUAL";"N"
"6910";"RETENCAO PROVISORIA / FALECIDO";"D";"APENAS PARA O PODER EXECUTIVO ESTADUAL";"N"
"6980";"ASSOCIACAO DOS POLICIAIS BOMBEIROS MILITARES DE MT";"D";"APENAS PARA O PODER EXECUTIVO ESTADUAL";"N"
"7000";"SINDICATO DOS FISCAIS DE TRIBUTOS ESTADUAIS DE MT";"D";"APENAS PARA O PODER EXECUTIVO ESTADUAL";"N"
"7050";"ASSOCIACAO DOS MILITARES INATIVOS E PENSIONISTAS DE MT";"D";"APENAS PARA O PODER EXECUTIVO ESTADUAL";"N"
"7100";"AMIL-ASSOC.DOS MILITARES ESTADUAL DE MT.";"D";"APENAS PARA O PODER EXECUTIVO ESTADUAL";"N"
"7130";"ASSOCIACAO DOS SERVIDORES PUBLICOS DE MT";"D";"APENAS PARA O PODER EXECUTIVO ESTADUAL";"N"
"7150";"ASSOCIACAO DOS OFICIAIS DA POLICIA E BOMBEIRO MILITAR DE MT";"D";"APENAS PARA O PODER EXECUTIVO ESTADUAL";"N"
"7180";"SINDICATO DOS PROFIS.TRIBUTACAO ARRECADACAO FISCALIZACAO MT";"D";"APENAS PARA O PODER EXECUTIVO ESTADUAL";"N"
"7210";"PENSAO ALIMENTICIA COMPLEMENTAR";"D";"APENAS PARA O PODER EXECUTIVO ESTADUAL";"N"
"7220";"UNIAO NACIONAL SERVIDORES PUBLICOS DOADORES DE SANGUE";"D";"APENAS PARA O PODER EXECUTIVO ESTADUAL";"N"
"7250";"ASSOCIACAO CLUBE DOS CABOS E SOLDADOS PM/MT";"D";"APENAS PARA O PODER EXECUTIVO ESTADUAL";"N"
"7280";"BANCO BMG S.A.";"D";"APENAS PARA O PODER EXECUTIVO ESTADUAL";"N"
"7290";"SINDICATO DOS AGENT.POLIC.ESCRIV.AGENT.CARCERARIO PJC";"D";"APENAS PARA O PODER EXECUTIVO ESTADUAL";"N"
"7300";"DECISAO JUDICIAL";"D";"APENAS PARA O PODER EXECUTIVO ESTADUAL";"N"
"7340";"PARANA BANCO S.A.";"D";"APENAS PARA O PODER EXECUTIVO ESTADUAL";"N"
"7350";"BANCO PAN S/A";"D";"APENAS PARA O PODER EXECUTIVO ESTADUAL";"N"
"7360";"BANCO CACIQUE S.A.";"D";"APENAS PARA O PODER EXECUTIVO ESTADUAL";"N"
"7370";"BANCO SCHAHIN S.A.";"D";"APENAS PARA O PODER EXECUTIVO ESTADUAL";"N"
"7380";"BANCO VOTORANTIM S/A";"D";"APENAS PARA O PODER EXECUTIVO ESTADUAL";"N"
"7390";"BANCO MERCANTIL DO BRASIL";"D";"APENAS PARA O PODER EXECUTIVO ESTADUAL";"N"
"7400";"CENTRO DE ASSISTENCIA AO SERVIDOR";"D";"APENAS PARA O PODER EXECUTIVO ESTADUAL";"N"
"7420";"ASSOCIACAO DOS GESTORES GOVERNAMENTAIS DE MT";"D";"APENAS PARA O PODER EXECUTIVO ESTADUAL";"N"
"7450";"PREVICORP-PREVIDENCIA PRIVADA";"D";"APENAS PARA O PODER EXECUTIVO ESTADUAL";"N"
"7480";"SOCIEDADE ASSIST.ECON. CULTURAL DOS SERVIDORES PUBLICOS";"D";"APENAS PARA O PODER EXECUTIVO ESTADUAL";"N"
"7490";"RETENCAO AO TETO-EMENDA CONSTITUCIONAL 41/03.";"D";"APENAS PARA O PODER EXECUTIVO ESTADUAL";"N"
"7510";"SOCIEDADE BENEFICIENTE DE ASSISTENCIA AO SERVIDOR PUBLICO";"D";"APENAS PARA O PODER EXECUTIVO ESTADUAL";"N"
"7520";"METTACARD ADMINISTRADORA DE CARTOES LTDA-ME";"D";"APENAS PARA O PODER EXECUTIVO ESTADUAL";"N"
"7530";"BANCO SUDAMERIS DO BRASIL S.A./SANTANDER";"D";"APENAS PARA O PODER EXECUTIVO ESTADUAL";"N"
"7540";"SUL CARD ADMINISTRADORA DE CARTOES SA PERSONAL CARD";"D";"APENAS PARA O PODER EXECUTIVO ESTADUAL";"N"
"7550";"BANCO ITAU BMG CONSIGNADO S.A.";"D";"APENAS PARA O PODER EXECUTIVO ESTADUAL";"N"
"7560";"SINDICATO DOS FISCAIS EST DE DEFESA AGROPEC E FLORESTAL-MT";"D";"APENAS PARA O PODER EXECUTIVO ESTADUAL";"N"
"7610";"PENSAO SUPLEMENTAR SANEPREVI";"D";"APENAS PARA O PODER EXECUTIVO ESTADUAL";"N"
"7620";"ASSOCIACAO DOS AUDITORES DA AUDITORIA GERAL DO MATO GROSSO";"D";"APENAS PARA O PODER EXECUTIVO ESTADUAL";"N"
"7660";"BV FINANCEIRA S.A.";"D";"APENAS PARA O PODER EXECUTIVO ESTADUAL";"N"
"7670";"BANCO DAYCOVAL";"D";"APENAS PARA O PODER EXECUTIVO ESTADUAL";"N"
"7680";"CONFEDERACAO DO SERVIDOR PUBLICO DO BRASIL";"D";"APENAS PARA O PODER EXECUTIVO ESTADUAL";"N"
"7700";"MT-SAUDE-INSTITUTO DE ASSISTENCIA SAUDE DOS SERVIDORES DE MT";"D";"APENAS PARA O PODER EXECUTIVO ESTADUAL";"N"
"7800";"PORTO SEGURO COMPANHIA DE SEGUROS GERAIS";"D";"APENAS PARA O PODER EXECUTIVO ESTADUAL";"N"
"7810";"SINDICATO DOS FISCAIS DE DEFESA DO CONSUMIDOR DE MT";"D";"APENAS PARA O PODER EXECUTIVO ESTADUAL";"N"
"7830";"BANCO ALFA S.A.";"D";"APENAS PARA O PODER EXECUTIVO ESTADUAL";"N"
"7850";"BANCO SOFISA";"D";"APENAS PARA O PODER EXECUTIVO ESTADUAL";"N"
"7860";"ASSOC SERV PUBL CARREIRA DOS PROF DE DESENV ECONOM SOCIAL MT";"D";"APENAS PARA O PODER EXECUTIVO ESTADUAL";"N"
"7870";"SINDICATO DOS TECNICOS DA EDUCACAO SUPERIOR DA UNEMAT";"D";"APENAS PARA O PODER EXECUTIVO ESTADUAL";"N"
"7900";"LEMON BANK BANCO MULTIPLO S/A";"D";"APENAS PARA O PODER EXECUTIVO ESTADUAL";"N"
"8010";"TESOURO DO ESTADO";"D";"APENAS PARA O PODER EXECUTIVO ESTADUAL";"N"
"8011";"RESTITUIÇÃO AO ERARIO POR DANO/EXTRAVIO";"D";"APENAS PARA O PODER EXECUTIVO ESTADUAL";"N"
"8012";"DIARIAS SEM PRESTACOES DE CONTAS";"D";"APENAS PARA O PODER EXECUTIVO ESTADUAL";"N"
"8013";"TESOURO CONSIG N PAGA";"D";"APENAS PARA O PODER EXECUTIVO ESTADUAL";"N"
"8014";"PAGAMENTO DE ORDEM JUDICIAL";"D";"APENAS PARA O PODER EXECUTIVO ESTADUAL";"N"
"8015";"DEVOLUÇAO DE ADIANTAMENTO SEM PRESTAÇAO DE CONTAS";"D";"APENAS PARA O PODER EXECUTIVO ESTADUAL";"N"
"8016";"DEVOLUÇAO DE DIARIAS SEM PRESTAÇAO DE CONTAS";"D";"APENAS PARA O PODER EXECUTIVO ESTADUAL";"N"
"8017";"MULTA TCE FUNDECONTAS";"D";"APENAS PARA O PODER EXECUTIVO ESTADUAL";"N"
"8018";"PAGAMENTO DE ORDEM JUDICIAL PARA FOLHA CREDITO SALARIAL";"D";"APENAS PARA O PODER EXECUTIVO ESTADUAL";"N"
"8030";"AEDP-ASSOCIACAO EDUCACIONAL PRESIDENTE DUTRA/UNIRONDON";"D";"APENAS PARA O PODER EXECUTIVO ESTADUAL";"N"
"8031";"INSTITUTO CUIABANO DE EDUCAÇÃO - ICE";"D";"APENAS PARA O PODER EXECUTIVO ESTADUAL";"N"
"1";"SALÁRIO FAMÍLIA";"B";"";"N"
"8032";"MARIA GERMANO ARRUDA";"D";"APENAS PARA O PODER EXECUTIVO ESTADUAL";"N"
"8040";"AMORTIZAÇÃO CEF";"D";"APENAS PARA O PODER EXECUTIVO ESTADUAL";"N"
"8080";"SINDICATO DOS TRABALHADORES DO PODER EXECUTIVO ESTADUAL MT";"D";"APENAS PARA O PODER EXECUTIVO ESTADUAL";"N"
"8110";"ASSOCIACAO DOS FUNCIONARIOS DA FAZENDA DO ESTADO DE MT";"D";"APENAS PARA O PODER EXECUTIVO ESTADUAL";"N"
"8120";"HONORARIO ADVOCATICIO DO CREDITO DE ESPECILISTA DE EDUCACAO";"D";"APENAS PARA O PODER EXECUTIVO ESTADUAL";"N"
"8130";"HONORARIO ADVOCATICIO PRESTACAO SERVICOS SINPAIG";"D";"APENAS PARA O PODER EXECUTIVO ESTADUAL";"N"
"8160";"RESTITUICAO ADIANTAMENTO 13.SALARIO";"D";"APENAS PARA O PODER EXECUTIVO ESTADUAL";"N"
"8170";"TESOURO DO ESTADO-TARIFA";"D";"APENAS PARA O PODER EXECUTIVO ESTADUAL";"N"
"8180";"PECULIO SANEPREV";"D";"APENAS PARA O PODER EXECUTIVO ESTADUAL";"N"
"8190";"RESTITUICAO DE ADIANTAMENTO 13.SALARIO";"D";"APENAS PARA O PODER EXECUTIVO ESTADUAL";"N"
"8220";"BANCO SANTANDER DO BRASIL S.A.";"D";"APENAS PARA O PODER EXECUTIVO ESTADUAL";"N"
"8230";"BANCO HSBC";"D";"APENAS PARA O PODER EXECUTIVO ESTADUAL";"N"
"8240";"GREMIO RECREATIVO ESPORTIVO DOS SERVIDORES PUBLICOS";"D";"APENAS PARA O PODER EXECUTIVO ESTADUAL";"N"
"8250";"ASSOCIACAO BENEFICIENTE ASSISTENCIAL AOS SERVIDORES PUBLICOS";"D";"APENAS PARA O PODER EXECUTIVO ESTADUAL";"N"
"8260";"GREMIO NACIONAL DE ASSISTENCIA AOS SERVIDORES PUBLICOS";"D";"APENAS PARA O PODER EXECUTIVO ESTADUAL";"N"
"8300";"ASSOCIACAO MATOGROSSENSE DOS DEFENSORES PUBLICOS";"D";"APENAS PARA O PODER EXECUTIVO ESTADUAL";"N"
"8330";"GREMIO ASSISTENCIAL AO SERVIDOR PUBLICO";"D";"APENAS PARA O PODER EXECUTIVO ESTADUAL";"N"
"8340";"ASSOCIACAO ASSISTENCIAL DO SERVIDOR DO BRASIL";"D";"APENAS PARA O PODER EXECUTIVO ESTADUAL";"N"
"8350";"RS CREDITO FINANCIAMENTO E INVESTIMENTO S.A.";"D";"APENAS PARA O PODER EXECUTIVO ESTADUAL";"N"
"8390";"ASSOCIACAO DOS MEDICOS E ODONTO LEGISTAS DE MT";"D";"APENAS PARA O PODER EXECUTIVO ESTADUAL";"N"
"8400";"INTERMEDIUM CREDITO  FINANCIAMENTO E INVESTIMENTO S.A.";"D";"APENAS PARA O PODER EXECUTIVO ESTADUAL";"N"
"8410";"ASSOCIACAO DOS SERVIDORES DA PROCURADORIA GERAL DE MT";"D";"APENAS PARA O PODER EXECUTIVO ESTADUAL";"N"
"8420";"BANCO BONSUCESSO S.A.";"D";"APENAS PARA O PODER EXECUTIVO ESTADUAL";"N"
"8430";"BANCO BONSUCESSO CONSIGNADO S.A.";"D";"APENAS PARA O PODER EXECUTIVO ESTADUAL";"N"
"8440";"COOPERATIVA DE TRABALHO ODONTOLOGICO MT";"D";"APENAS PARA O PODER EXECUTIVO ESTADUAL";"N"
"8450";"COOPERATIVA DOS PROFISSIONAIS DA CONTABILIDADE";"D";"APENAS PARA O PODER EXECUTIVO ESTADUAL";"N"
"8460";"BANCO PAULISTA S.A.";"D";"APENAS PARA O PODER EXECUTIVO ESTADUAL";"N"
"8490";"MONGERAL S.A. SEGUROS PREVIDENCIA";"D";"APENAS PARA O PODER EXECUTIVO ESTADUAL";"N"
"8500";"LECCA CREDITO, FINANCEIRO E INVEST. S/A.";"D";"APENAS PARA O PODER EXECUTIVO ESTADUAL";"N"
"8510";"ASB CREDITO FINANCIAMENTO E INVESTIMENTO S.A.";"D";"APENAS PARA O PODER EXECUTIVO ESTADUAL";"N"
"8530";"BANCO COOPERATIVO DO BRASIL";"D";"APENAS PARA O PODER EXECUTIVO ESTADUAL";"N"
"8540";"ASSOCIACAO DOS POLICIAIS MILITARES DE SINOP/MT";"D";"APENAS PARA O PODER EXECUTIVO ESTADUAL";"N"
"8550";"DEBITO COM A FAZENDA";"D";"APENAS PARA O PODER EXECUTIVO ESTADUAL";"N"
"8560";"BANCO DO BRASIL";"D";"APENAS PARA O PODER EXECUTIVO ESTADUAL";"N"
"8580";"ASSOCIAC SARGENTOS SUBTEN E OFICIAIS ADM E ESP DA PM/BM MT";"D";"APENAS PARA O PODER EXECUTIVO ESTADUAL";"N"
"8590";"RETENCAO 30% EMENDA CONSTITUCIONAL Nº41";"D";"APENAS PARA O PODER EXECUTIVO ESTADUAL";"N"
"8630";"ASSOCIACAO NACIONAL DOS SERVIDORES PUBLICOS";"D";"APENAS PARA O PODER EXECUTIVO ESTADUAL";"N"
"8650";"MT FOMENTO";"D";"APENAS PARA O PODER EXECUTIVO ESTADUAL";"N"
"8660";"BANCO GE CAPITAL S.A.";"D";"APENAS PARA O PODER EXECUTIVO ESTADUAL";"N"
"8670";"BANCO BGN S.A.";"D";"APENAS PARA O PODER EXECUTIVO ESTADUAL";"N"
"8680";"BANCO LUSO BRASILEIRO S.A.";"D";"APENAS PARA O PODER EXECUTIVO ESTADUAL";"N"
"8690";"BANCO ITAU S.A.";"D";"APENAS PARA O PODER EXECUTIVO ESTADUAL";"N"
"8700";"ASSOCIACAO DE CABOS E SOLDADOS DA PM/BM MT";"D";"APENAS PARA O PODER EXECUTIVO ESTADUAL";"N"
"8740";"BANCO CR2 DE INVESTIMENTOS S.A.";"D";"APENAS PARA O PODER EXECUTIVO ESTADUAL";"N"
"8750";"REPOSICAO FUNDESP";"D";"APENAS PARA O PODER EXECUTIVO ESTADUAL";"N"
"8760";"DIV.RESPONSAVEIS.";"D";"APENAS PARA O PODER EXECUTIVO ESTADUAL";"N"
"8770";"DEBITO SALARIAL BENEFICIO INSS";"D";"APENAS PARA O PODER EXECUTIVO ESTADUAL";"N"
"8830";"ASSOCIACAO DOS POLICIAIS MILITARES DO NORTAO MT";"D";"APENAS PARA O PODER EXECUTIVO ESTADUAL";"N"
"8860";"ASSOCIACAO DOS AGENTES PENITENCIARIOS DE MATO GROSSO";"D";"APENAS PARA O PODER EXECUTIVO ESTADUAL";"N"
"8870";"CREFISA-CREDITO FINANCIAMENTO E INVESTIMENTO S.A.";"D";"APENAS PARA O PODER EXECUTIVO ESTADUAL";"N"
"8880";"CAIXA ECONOMICA FEDERAL";"D";"APENAS PARA O PODER EXECUTIVO ESTADUAL";"N"
"8890";"SINDICATO DOS PROFISSIONAIS DA AREA INSTRUMENTAL DE MT";"D";"APENAS PARA O PODER EXECUTIVO ESTADUAL";"N"
"9000";"REDUCAO DE REMUNERACAO";"D";"APENAS PARA O PODER EXECUTIVO ESTADUAL";"N"
"9070";"BANCO RURAL S.A.";"D";"APENAS PARA O PODER EXECUTIVO ESTADUAL";"N"
"9080";"GBOEX-GREMIO BENEFICIENTE";"D";"APENAS PARA O PODER EXECUTIVO ESTADUAL";"N"
"9120";"BANCO CRUZEIRO DO SUL S.A.";"D";"APENAS PARA O PODER EXECUTIVO ESTADUAL";"N"
"9140";"BANCO ABN AMRO REAL S.A./SANTANDER";"D";"APENAS PARA O PODER EXECUTIVO ESTADUAL";"N"
"9150";"BARIGUI CREDITO FINANCIAMENTO E INVESTIMENTO S.A.";"D";"APENAS PARA O PODER EXECUTIVO ESTADUAL";"N"
"9160";"BANCO FINASA BMC S/A";"D";"APENAS PARA O PODER EXECUTIVO ESTADUAL";"N"
"9170";"ENTIDADE NACIONAL DE ASSISTENCIA AOS SERVIDORES";"D";"APENAS PARA O PODER EXECUTIVO ESTADUAL";"N"
"9300";"BANCO BRADESCO S.A.";"D";"APENAS PARA O PODER EXECUTIVO ESTADUAL";"N"
"9360";"BANCO CREDIBEL S.A.";"D";"APENAS PARA O PODER EXECUTIVO ESTADUAL";"N"
"9400";"GREMIO DESPORTIVO OLAVO BILAC DOS SERVIDORES DO ESTADO DE MT";"D";"APENAS PARA O PODER EXECUTIVO ESTADUAL";"N"
"9440";"BOM DIA COMERCIO IMPORTACAO E EXPORTACAO LTDA";"D";"APENAS PARA O PODER EXECUTIVO ESTADUAL";"N"
"9450";"CREDITEC - SOCIEDADE DE CREDITO, FINANC, INVESTIMENTO / ITAU";"D";"APENAS PARA O PODER EXECUTIVO ESTADUAL";"N"
"9460";"BANCO ARBI";"D";"APENAS PARA O PODER EXECUTIVO ESTADUAL";"N"
"9470";"BANCO MAXIMA S.A.";"D";"APENAS PARA O PODER EXECUTIVO ESTADUAL";"N"
"9480";"BANCO ABC BRASIL S.A.";"D";"APENAS PARA O PODER EXECUTIVO ESTADUAL";"N"
"9510";"BANCO INDUSTRIAL E COMERCIAL S.A";"D";"APENAS PARA O PODER EXECUTIVO ESTADUAL";"N"
"9520";"UNIAO DE BANCOS BRASILEIROS S.A./ITAU";"D";"APENAS PARA O PODER EXECUTIVO ESTADUAL";"N"
"9530";"ASSOC SERV PUBL ATIVOS E INATIVOS FED, EST E MUNICIPAIS MT";"D";"APENAS PARA O PODER EXECUTIVO ESTADUAL";"N"
"9560";"ASSOCIACAO RECREATIVA DOS BOMBEIROS MILITARES MT";"D";"APENAS PARA O PODER EXECUTIVO ESTADUAL";"N"
"9570";"BANCO MATONE S/A";"D";"APENAS PARA O PODER EXECUTIVO ESTADUAL";"N"
"9580";"BANCO SEMEAR S.A.";"D";"APENAS PARA O PODER EXECUTIVO ESTADUAL";"N"
"9600";"SINDICATO DOS SERV. PUB. EST. DESENVOLV.ECONOMICO SOCIAL";"D";"APENAS PARA O PODER EXECUTIVO ESTADUAL";"N"
"9610";"SINDICATO DOS SERV. PUB. EST. DO ESTADO DE MATO GROSSO";"D";"APENAS PARA O PODER EXECUTIVO ESTADUAL";"N"
"9611";"SINDICATO DOS SERVIDORES PENITENCIARIOS DE MT";"D";"APENAS PARA O PODER EXECUTIVO ESTADUAL";"N"
"9620";"BRB BANCO DE BRASILIA S/A";"D";"APENAS PARA O PODER EXECUTIVO ESTADUAL";"N"
"9630";"BANCO FIBRA S.A.";"D";"APENAS PARA O PODER EXECUTIVO ESTADUAL";"N"
"9640";"BANCO MORADA S.A.";"D";"APENAS PARA O PODER EXECUTIVO ESTADUAL";"N"
"9650";"BANCO SAFRA S.A.";"D";"APENAS PARA O PODER EXECUTIVO ESTADUAL";"N"
"9660";"SINDICATO DOS PROFISSIONAIS DE ENFERMAGEM DEMATO GROSSO";"D";"APENAS PARA O PODER EXECUTIVO ESTADUAL";"N"
"9770";"ASSOCIACAO DOS SERVIDORES PUBLICOS";"D";"APENAS PARA O PODER EXECUTIVO ESTADUAL";"N"
"9780";"SOCIEDADE ASSISTENCIAL DOS SERV.PUBLIC. ESTADOS DO BRASIL";"D";"APENAS PARA O PODER EXECUTIVO ESTADUAL";"N"
